geo_id,geo_code,name,abbreviation,type_id
1496,county-10010000,เขตพระนคร,-,5
1497,county-10020000,เขตดุสิต,-,5
1498,county-10030000,เขตหนองจอก,-,5
1499,county-10040000,เขตบางรัก,-,5
1500,county-10050000,เขตบางเขน,-,5
1501,county-10060000,เขตบางกะปิ,-,5
1502,county-10070000,เขตปทุมวัน,-,5
1503,county-10080000,เขตป้อมปราบศัตรูพ่าย,-,5
1504,county-10090000,เขตพระโขนง,-,5
1505,county-10100000,เขตมีนบุรี,-,5
1506,county-10110000,เขตลาดกระบัง,-,5
1507,county-10120000,เขตยานนาวา,-,5
1508,county-10130000,เขตสัมพันธวงศ์,-,5
1509,county-10140000,เขตพญาไท,-,5
1510,county-10150000,เขตธนบุรี,-,5
1511,county-10160000,เขตบางกอกใหญ่,-,5
1512,county-10170000,เขตห้วยขวาง,-,5
1513,county-10180000,เขตคลองสาน,-,5
1514,county-10190000,เขตตลิ่งชัน,-,5
1515,county-10200000,เขตบางกอกน้อย,-,5
1516,county-10210000,เขตบางขุนเทียน,-,5
1517,county-10220000,เขตภาษีเจริญ,-,5
1518,county-10230000,เขตหนองแขม,-,5
1519,county-10240000,เขตราษฎร์บูรณะ,-,5
1520,county-10250000,เขตบางพลัด,-,5
1521,county-10260000,เขตดินแดง,-,5
1522,county-10270000,เขตบึงกุ่ม,-,5
1523,county-10280000,เขตสาทร,-,5
1524,county-10290000,เขตบางซื่อ,-,5
1525,county-10300000,เขตจตุจักร,-,5
1526,county-10310000,เขตบางคอแหลม,-,5
1527,county-10320000,เขตประเวศ,-,5
1528,county-10330000,เขตคลองเตย,-,5
1529,county-10340000,เขตสวนหลวง,-,5
1530,county-10350000,เขตจอมทอง,-,5
1531,county-10360000,เขตดอนเมือง,-,5
1532,county-10370000,เขตราชเทวี,-,5
1533,county-10380000,เขตลาดพร้าว,-,5
1534,county-10390000,เขตวัฒนา,-,5
1535,county-10400000,เขตบางแค,-,5
1536,county-10410000,เขตหลักสี่,-,5
1537,county-10420000,เขตสายไหม,-,5
1538,county-10430000,เขตคันนายาว,-,5
1539,county-10440000,เขตสะพานสูง,-,5
1540,county-10450000,เขตวังทองหลาง,-,5
1541,county-10460000,เขตคลองสามวา,-,5
1542,county-10470000,เขตบางนา,-,5
1543,county-10480000,เขตทวีวัฒนา,-,5
1544,county-10490000,เขตทุ่งครุ,-,5
1545,county-10500000,เขตบางบอน,-,5
1546,county-11010000,เมืองสมุทรปราการ,-,5
1547,county-11020000,บางบ่อ,-,5
1548,county-11030000,บางพลี,-,5
1549,county-11040000,พระประแดง,-,5
1550,county-11050000,พระสมุทรเจดีย์,-,5
1551,county-11060000,บางเสาธง,-,5
1552,county-12010000,เมืองนนทบุรี,-,5
1553,county-12020000,บางกรวย,-,5
1554,county-12030000,บางใหญ่,-,5
1555,county-12040000,บางบัวทอง,-,5
1556,county-12050000,ไทรน้อย,-,5
1557,county-12060000,ปากเกร็ด,-,5
1558,county-13010000,เมืองปทุมธานี,-,5
1559,county-13020000,คลองหลวง,-,5
1560,county-13030000,ธัญบุรี,-,5
1561,county-13040000,หนองเสือ,-,5
1562,county-13050000,ลาดหลุมแก้ว,-,5
1563,county-13060000,ลำลูกกา,-,5
1564,county-13070000,สามโคก,-,5
1565,county-14010000,พระนครศรีอยุธยา,-,5
1566,county-14020000,ท่าเรือ,-,5
1567,county-14030000,นครหลวง,-,5
1568,county-14040000,บางไทร,-,5
1569,county-14050000,บางบาล,-,5
1570,county-14060000,บางปะอิน,-,5
1571,county-14070000,บางปะหัน,-,5
1572,county-14080000,ผักไห่,-,5
1573,county-14090000,ภาชี,-,5
1574,county-14100000,ลาดบัวหลวง,-,5
1575,county-14110000,วังน้อย,-,5
1576,county-14120000,เสนา,-,5
1577,county-14130000,บางซ้าย,-,5
1578,county-14140000,อุทัย,-,5
1579,county-14150000,มหาราช,-,5
1580,county-14160000,บ้านแพรก,-,5
1581,county-15010000,เมืองอ่างทอง,-,5
1582,county-15020000,ไชโย,-,5
1583,county-15030000,ป่าโมก,-,5
1584,county-15040000,โพธิ์ทอง,-,5
1585,county-15050000,แสวงหา,-,5
1586,county-15060000,วิเศษชัยชาญ,-,5
1587,county-15070000,สามโก้,-,5
1588,county-16010000,เมืองลพบุรี,-,5
1589,county-16020000,พัฒนานิคม,-,5
1590,county-16030000,โคกสำโรง,-,5
1591,county-16040000,ชัยบาดาล,-,5
1592,county-16050000,ท่าวุ้ง,-,5
1593,county-16060000,บ้านหมี่,-,5
1594,county-16070000,ท่าหลวง,-,5
1595,county-16080000,สระโบสถ์,-,5
1596,county-16090000,โคกเจริญ,-,5
1597,county-16100000,ลำสนธิ,-,5
1598,county-16110000,หนองม่วง,-,5
1599,county-17010000,เมืองสิงห์บุรี,-,5
1600,county-17020000,บางระจัน,-,5
1601,county-17030000,ค่ายบางระจัน,-,5
1602,county-17040000,พรหมบุรี,-,5
1603,county-17050000,ท่าช้าง,-,5
1604,county-17060000,อินทร์บุรี,-,5
1605,county-18010000,เมืองชัยนาท,-,5
1606,county-18020000,มโนรมย์,-,5
1607,county-18030000,วัดสิงห์,-,5
1608,county-18040000,สรรพยา,-,5
1609,county-18050000,สรรคบุรี,-,5
1610,county-18060000,หันคา,-,5
1611,county-18070000,หนองมะโมง,-,5
1612,county-18080000,เนินขาม,-,5
1613,county-19010000,เมืองสระบุรี,-,5
1614,county-19020000,แก่งคอย,-,5
1615,county-19030000,หนองแค,-,5
1616,county-19040000,วิหารแดง,-,5
1617,county-19050000,หนองแซง,-,5
1618,county-19060000,บ้านหมอ,-,5
1619,county-19070000,ดอนพุด,-,5
1620,county-19080000,หนองโดน,-,5
1621,county-19090000,พระพุทธบาท,-,5
1622,county-19100000,เสาไห้,-,5
1623,county-19110000,มวกเหล็ก,-,5
1624,county-19120000,วังม่วง,-,5
1625,county-19130000,เฉลิมพระเกียรติ,-,5
1626,county-20010000,เมืองชลบุรี,-,5
1627,county-20020000,บ้านบึง,-,5
1628,county-20030000,หนองใหญ่,-,5
1629,county-20040000,บางละมุง,-,5
1630,county-20050000,พานทอง,-,5
1631,county-20060000,พนัสนิคม,-,5
1632,county-20070000,ศรีราชา,-,5
1633,county-20080000,เกาะสีชัง,-,5
1634,county-20090000,สัตหีบ,-,5
1635,county-20100000,บ่อทอง,-,5
1636,county-20110000,เกาะจันทร์,-,5
1637,county-21010000,เมืองระยอง,-,5
1638,county-21020000,บ้านฉาง,-,5
1639,county-21030000,แกลง,-,5
1640,county-21040000,วังจันทร์,-,5
1641,county-21050000,บ้านค่าย,-,5
1642,county-21060000,ปลวกแดง,-,5
1643,county-21070000,เขาชะเมา,-,5
1644,county-21080000,นิคมพัฒนา,-,5
1645,county-22010000,เมืองจันทบุรี,-,5
1646,county-22020000,ขลุง,-,5
1647,county-22030000,ท่าใหม่,-,5
1648,county-22040000,โป่งน้ำร้อน,-,5
1649,county-22050000,มะขาม,-,5
1650,county-22060000,แหลมสิงห์,-,5
1651,county-22070000,สอยดาว,-,5
1652,county-22080000,แก่งหางแมว,-,5
1653,county-22090000,นายายอาม,-,5
1654,county-22100000,เขาคิชฌกูฏ,-,5
1655,county-23010000,เมืองตราด,-,5
1656,county-23020000,คลองใหญ่,-,5
1657,county-23030000,เขาสมิง,-,5
1658,county-23040000,บ่อไร่,-,5
1659,county-23050000,แหลมงอบ,-,5
1660,county-23060000,เกาะกูด,-,5
1661,county-23070000,เกาะช้าง,-,5
1662,county-24010000,เมืองฉะเชิงเทรา,-,5
1663,county-24020000,บางคล้า,-,5
1664,county-24030000,บางน้ำเปรี้ยว,-,5
1665,county-24040000,บางปะกง,-,5
1666,county-24050000,บ้านโพธิ์,-,5
1667,county-24060000,พนมสารคาม,-,5
1668,county-24070000,ราชสาส์น,-,5
1669,county-24080000,สนามชัยเขต,-,5
1670,county-24090000,แปลงยาว,-,5
1671,county-24100000,ท่าตะเกียบ,-,5
1672,county-24110000,คลองเขื่อน,-,5
1673,county-25010000,เมืองปราจีนบุรี,-,5
1674,county-25020000,กบินทร์บุรี,-,5
1675,county-25030000,นาดี,-,5
1676,county-25060000,บ้านสร้าง,-,5
1677,county-25070000,ประจันตคาม,-,5
1678,county-25080000,ศรีมหาโพธิ,-,5
1679,county-25090000,ศรีมโหสถ,-,5
1680,county-26010000,เมืองนครนายก,-,5
1681,county-26020000,ปากพลี,-,5
1682,county-26030000,บ้านนา,-,5
1683,county-26040000,องครักษ์,-,5
1684,county-27010000,เมืองสระแก้ว,-,5
1685,county-27020000,คลองหาด,-,5
1686,county-27030000,ตาพระยา,-,5
1687,county-27040000,วังน้ำเย็น,-,5
1688,county-27050000,วัฒนานคร,-,5
1689,county-27060000,อรัญประเทศ,-,5
1690,county-27070000,เขาฉกรรจ์,-,5
1691,county-27080000,โคกสูง,-,5
1692,county-27090000,วังสมบูรณ์,-,5
1693,county-30010000,เมืองนครราชสีมา,-,5
1694,county-30020000,ครบุรี,-,5
1695,county-30030000,เสิงสาง,-,5
1696,county-30040000,คง,-,5
1697,county-30050000,บ้านเหลื่อม,-,5
1698,county-30060000,จักราช,-,5
1699,county-30070000,โชคชัย,-,5
1700,county-30080000,ด่านขุนทด,-,5
1701,county-30090000,โนนไทย,-,5
1702,county-30100000,โนนสูง,-,5
1703,county-30110000,ขามสะแกแสง,-,5
1704,county-30120000,บัวใหญ่,-,5
1705,county-30130000,ประทาย,-,5
1706,county-30140000,ปักธงชัย,-,5
1707,county-30150000,พิมาย,-,5
1708,county-30160000,ห้วยแถลง,-,5
1709,county-30170000,ชุมพวง,-,5
1710,county-30180000,สูงเนิน,-,5
1711,county-30190000,ขามทะเลสอ,-,5
1712,county-30200000,สีคิ้ว,-,5
1713,county-30210000,ปากช่อง,-,5
1714,county-30220000,หนองบุญมาก,-,5
1715,county-30230000,แก้งสนามนาง,-,5
1716,county-30240000,โนนแดง,-,5
1717,county-30250000,วังน้ำเขียว,-,5
1718,county-30260000,เทพารักษ์,-,5
1719,county-30270000,เมืองยาง,-,5
1720,county-30280000,พระทองคำ,-,5
1721,county-30290000,ลำทะเมนชัย,-,5
1722,county-30300000,บัวลาย,-,5
1723,county-30310000,สีดา,-,5
1724,county-30320000,เฉลิมพระเกียรติ,-,5
1725,county-31010000,เมืองบุรีรัมย์,-,5
1726,county-31020000,คูเมือง,-,5
1727,county-31030000,กระสัง,-,5
1728,county-31040000,นางรอง,-,5
1729,county-31050000,หนองกี่,-,5
1730,county-31060000,ละหานทราย,-,5
1731,county-31070000,ประโคนชัย,-,5
1732,county-31080000,บ้านกรวด,-,5
1733,county-31090000,พุทไธสง,-,5
1734,county-31100000,ลำปลายมาศ,-,5
1735,county-31110000,สตึก,-,5
1736,county-31120000,ปะคำ,-,5
1737,county-31130000,นาโพธิ์,-,5
1738,county-31140000,หนองหงส์,-,5
1739,county-31150000,พลับพลาชัย,-,5
1740,county-31160000,ห้วยราช,-,5
1741,county-31170000,โนนสุวรรณ,-,5
1742,county-31180000,ชำนิ,-,5
1743,county-31190000,บ้านใหม่ไชยพจน์,-,5
1744,county-31200000,โนนดินแดง,-,5
1745,county-31210000,บ้านด่าน,-,5
1746,county-31220000,แคนดง,-,5
1747,county-31230000,เฉลิมพระเกียรติ,-,5
1748,county-32010000,เมืองสุรินทร์,-,5
1749,county-32020000,ชุมพลบุรี,-,5
1750,county-32030000,ท่าตูม,-,5
1751,county-32040000,จอมพระ,-,5
1752,county-32050000,ปราสาท,-,5
1753,county-32060000,กาบเชิง,-,5
1754,county-32070000,รัตนบุรี,-,5
1755,county-32080000,สนม,-,5
1756,county-32090000,ศีขรภูมิ,-,5
1757,county-32100000,สังขะ,-,5
1758,county-32110000,ลำดวน,-,5
1759,county-32120000,สำโรงทาบ,-,5
1760,county-32130000,บัวเชด,-,5
1761,county-32140000,พนมดงรัก,-,5
1762,county-32150000,ศรีณรงค์,-,5
1763,county-32160000,เขวาสินรินทร์,-,5
1764,county-32170000,โนนนารายณ์,-,5
1765,county-33010000,เมืองศรีสะเกษ,-,5
1766,county-33020000,ยางชุมน้อย,-,5
1767,county-33030000,กันทรารมย์,-,5
1768,county-33040000,กันทรลักษ์,-,5
1769,county-33050000,ขุขันธ์,-,5
1770,county-33060000,ไพรบึง,-,5
1771,county-33070000,ปรางค์กู่,-,5
1772,county-33080000,ขุนหาญ,-,5
1773,county-33090000,ราษีไศล,-,5
1774,county-33100000,อุทุมพรพิสัย,-,5
1775,county-33110000,บึงบูรพ์,-,5
1776,county-33120000,ห้วยทับทัน,-,5
1777,county-33130000,โนนคูณ,-,5
1778,county-33140000,ศรีรัตนะ,-,5
1779,county-33150000,น้ำเกลี้ยง,-,5
1780,county-33160000,วังหิน,-,5
1781,county-33170000,ภูสิงห์,-,5
1782,county-33180000,เมืองจันทร์,-,5
1783,county-33190000,เบญจลักษ์,-,5
1784,county-33200000,พยุห์,-,5
1785,county-33210000,โพธิ์ศรีสุวรรณ,-,5
1786,county-33220000,ศิลาลาด,-,5
1787,county-34010000,เมืองอุบลราชธานี,-,5
1788,county-34020000,ศรีเมืองใหม่,-,5
1789,county-34030000,โขงเจียม,-,5
1790,county-34040000,เขื่องใน,-,5
1791,county-34050000,เขมราฐ,-,5
1792,county-34070000,เดชอุดม,-,5
1793,county-34080000,นาจะหลวย,-,5
1794,county-34090000,น้ำยืน,-,5
1795,county-34100000,บุณฑริก,-,5
1796,county-34110000,ตระการพืชผล,-,5
1797,county-34120000,กุดข้าวปุ้น,-,5
1798,county-34140000,ม่วงสามสิบ,-,5
1799,county-34150000,วารินชำราบ,-,5
1800,county-34190000,พิบูลมังสาหาร,-,5
1801,county-34200000,ตาลสุม,-,5
1802,county-34210000,โพธิ์ไทร,-,5
1803,county-34220000,สำโรง,-,5
1804,county-34240000,ดอนมดแดง,-,5
1805,county-34250000,สิรินธร,-,5
1806,county-34260000,ทุ่งศรีอุดม,-,5
1807,county-34290000,นาเยีย,-,5
1808,county-34300000,นาตาล,-,5
1809,county-34310000,เหล่าเสือโก้ก,-,5
1810,county-34320000,สว่างวีระวงศ์,-,5
1811,county-34330000,น้ำขุ่น,-,5
1812,county-35010000,เมืองยโสธร,-,5
1813,county-35020000,ทรายมูล,-,5
1814,county-35030000,กุดชุม,-,5
1815,county-35040000,คำเขื่อนแก้ว,-,5
1816,county-35050000,ป่าติ้ว,-,5
1817,county-35060000,มหาชนะชัย,-,5
1818,county-35070000,ค้อวัง,-,5
1819,county-35080000,เลิงนกทา,-,5
1820,county-35090000,ไทยเจริญ,-,5
1821,county-36010000,เมืองชัยภูมิ,-,5
1822,county-36020000,บ้านเขว้า,-,5
1823,county-36030000,คอนสวรรค์,-,5
1824,county-36040000,เกษตรสมบูรณ์,-,5
1825,county-36050000,หนองบัวแดง,-,5
1826,county-36060000,จัตุรัส,-,5
1827,county-36070000,บำเหน็จณรงค์,-,5
1828,county-36080000,หนองบัวระเหว,-,5
1829,county-36090000,เทพสถิต,-,5
1830,county-36100000,ภูเขียว,-,5
1831,county-36110000,บ้านแท่น,-,5
1832,county-36120000,แก้งคร้อ,-,5
1833,county-36130000,คอนสาร,-,5
1834,county-36140000,ภักดีชุมพล,-,5
1835,county-36150000,เนินสง่า,-,5
1836,county-36160000,ซับใหญ่,-,5
1837,county-37010000,เมืองอำนาจเจริญ,-,5
1838,county-37020000,ชานุมาน,-,5
1839,county-37030000,ปทุมราชวงศา,-,5
1840,county-37040000,พนา,-,5
1841,county-37050000,เสนางคนิคม,-,5
1842,county-37060000,หัวตะพาน,-,5
1843,county-37070000,ลืออำนาจ,-,5
1844,county-38010000,เมืองบึงกาฬ,-,5
1845,county-38020000,พรเจริญ,-,5
1846,county-38030000,โซ่พิสัย,-,5
1847,county-38040000,เซกา,-,5
1848,county-38050000,ปากคาด,-,5
1849,county-38060000,บึงโขงหลง,-,5
1850,county-38070000,ศรีวิไล,-,5
1851,county-38080000,บุ่งคล้า,-,5
1852,county-39010000,เมืองหนองบัวลำภู,-,5
1853,county-39020000,นากลาง,-,5
1854,county-39030000,โนนสัง,-,5
1855,county-39040000,ศรีบุญเรือง,-,5
1856,county-39050000,สุวรรณคูหา,-,5
1857,county-39060000,นาวัง,-,5
1858,county-40010000,เมืองขอนแก่น,-,5
1859,county-40020000,บ้านฝาง,-,5
1860,county-40030000,พระยืน,-,5
1861,county-40040000,หนองเรือ,-,5
1862,county-40050000,ชุมแพ,-,5
1863,county-40060000,สีชมพู,-,5
1864,county-40070000,น้ำพอง,-,5
1865,county-40080000,อุบลรัตน์,-,5
1866,county-40090000,กระนวน,-,5
1867,county-40100000,บ้านไผ่,-,5
1868,county-40110000,เปือยน้อย,-,5
1869,county-40120000,พล,-,5
1870,county-40130000,แวงใหญ่,-,5
1871,county-40140000,แวงน้อย,-,5
1872,county-40150000,หนองสองห้อง,-,5
1873,county-40160000,ภูเวียง,-,5
1874,county-40170000,มัญจาคีรี,-,5
1875,county-40180000,ชนบท,-,5
1876,county-40190000,เขาสวนกวาง,-,5
1877,county-40200000,ภูผาม่าน,-,5
1878,county-40210000,ซำสูง,-,5
1879,county-40220000,โคกโพธิ์ไชย,-,5
1880,county-40230000,หนองนาคำ,-,5
1881,county-40240000,บ้านแฮด,-,5
1882,county-40250000,โนนศิลา,-,5
1883,county-40290000,เวียงเก่า,-,5
1884,county-41010000,เมืองอุดรธานี,-,5
1885,county-41020000,กุดจับ,-,5
1886,county-41030000,หนองวัวซอ,-,5
1887,county-41040000,กุมภวาปี,-,5
1888,county-41050000,โนนสะอาด,-,5
1889,county-41060000,หนองหาน,-,5
1890,county-41070000,ทุ่งฝน,-,5
1891,county-41080000,ไชยวาน,-,5
1892,county-41090000,ศรีธาตุ,-,5
1893,county-41100000,วังสามหมอ,-,5
1894,county-41110000,บ้านดุง,-,5
1895,county-41170000,บ้านผือ,-,5
1896,county-41180000,น้ำโสม,-,5
1897,county-41190000,เพ็ญ,-,5
1898,county-41200000,สร้างคอม,-,5
1899,county-41210000,หนองแสง,-,5
1900,county-41220000,นายูง,-,5
1901,county-41230000,พิบูลย์รักษ์,-,5
1902,county-41240000,กู่แก้ว,-,5
1903,county-41250000,ประจักษ์ศิลปาคม,-,5
1904,county-42010000,เมืองเลย,-,5
1905,county-42020000,นาด้วง,-,5
1906,county-42030000,เชียงคาน,-,5
1907,county-42040000,ปากชม,-,5
1908,county-42050000,ด่านซ้าย,-,5
1909,county-42060000,นาแห้ว,-,5
1910,county-42070000,ภูเรือ,-,5
1911,county-42080000,ท่าลี่,-,5
1912,county-42090000,วังสะพุง,-,5
1913,county-42100000,ภูกระดึง,-,5
1914,county-42110000,ภูหลวง,-,5
1915,county-42120000,ผาขาว,-,5
1916,county-42130000,เอราวัณ,-,5
1917,county-42140000,หนองหิน,-,5
1918,county-43010000,เมืองหนองคาย,-,5
1919,county-43020000,ท่าบ่อ,-,5
1920,county-43050000,โพนพิสัย,-,5
1921,county-43070000,ศรีเชียงใหม่,-,5
1922,county-43080000,สังคม,-,5
1923,county-43140000,สระใคร,-,5
1924,county-43150000,เฝ้าไร่,-,5
1925,county-43160000,รัตนวาปี,-,5
1926,county-43170000,โพธิ์ตาก,-,5
1927,county-44010000,เมืองมหาสารคาม,-,5
1928,county-44020000,แกดำ,-,5
1929,county-44030000,โกสุมพิสัย,-,5
1930,county-44040000,กันทรวิชัย,-,5
1931,county-44050000,เชียงยืน,-,5
1932,county-44060000,บรบือ,-,5
1933,county-44070000,นาเชือก,-,5
1934,county-44080000,พยัคฆภูมิพิสัย,-,5
1935,county-44090000,วาปีปทุม,-,5
1936,county-44100000,นาดูน,-,5
1937,county-44110000,ยางสีสุราช,-,5
1938,county-44120000,กุดรัง,-,5
1939,county-44130000,ชื่นชม,-,5
1940,county-45010000,เมืองร้อยเอ็ด,-,5
1941,county-45020000,เกษตรวิสัย,-,5
1942,county-45030000,ปทุมรัตต์,-,5
1943,county-45040000,จตุรพักตรพิมาน,-,5
1944,county-45050000,ธวัชบุรี,-,5
1945,county-45060000,พนมไพร,-,5
1946,county-45070000,โพนทอง,-,5
1947,county-45080000,โพธิ์ชัย,-,5
1948,county-45090000,หนองพอก,-,5
1949,county-45100000,เสลภูมิ,-,5
1950,county-45110000,สุวรรณภูมิ,-,5
1951,county-45120000,เมืองสรวง,-,5
1952,county-45130000,โพนทราย,-,5
1953,county-45140000,อาจสามารถ,-,5
1954,county-45150000,เมยวดี,-,5
1955,county-45160000,ศรีสมเด็จ,-,5
1956,county-45170000,จังหาร,-,5
1957,county-45180000,เชียงขวัญ,-,5
1958,county-45190000,หนองฮี,-,5
1959,county-45200000,ทุ่งเขาหลวง,-,5
1960,county-46010000,เมืองกาฬสินธุ์,-,5
1961,county-46020000,นามน,-,5
1962,county-46030000,กมลาไสย,-,5
1963,county-46040000,ร่องคำ,-,5
1964,county-46050000,กุฉินารายณ์,-,5
1965,county-46060000,เขาวง,-,5
1966,county-46070000,ยางตลาด,-,5
1967,county-46080000,ห้วยเม็ก,-,5
1968,county-46090000,สหัสขันธ์,-,5
1969,county-46100000,คำม่วง,-,5
1970,county-46110000,ท่าคันโท,-,5
1971,county-46120000,หนองกุงศรี,-,5
1972,county-46130000,สมเด็จ,-,5
1973,county-46140000,ห้วยผึ้ง,-,5
1974,county-46150000,สามชัย,-,5
1975,county-46160000,นาคู,-,5
1976,county-46170000,ดอนจาน,-,5
1977,county-46180000,ฆ้องชัย,-,5
1978,county-47010000,เมืองสกลนคร,-,5
1979,county-47020000,กุสุมาลย์,-,5
1980,county-47030000,กุดบาก,-,5
1981,county-47040000,พรรณานิคม,-,5
1982,county-47050000,พังโคน,-,5
1983,county-47060000,วาริชภูมิ,-,5
1984,county-47070000,นิคมน้ำอูน,-,5
1985,county-47080000,วานรนิวาส,-,5
1986,county-47090000,คำตากล้า,-,5
1987,county-47100000,บ้านม่วง,-,5
1988,county-47110000,อากาศอำนวย,-,5
1989,county-47120000,สว่างแดนดิน,-,5
1990,county-47130000,ส่องดาว,-,5
1991,county-47140000,เต่างอย,-,5
1992,county-47150000,โคกศรีสุพรรณ,-,5
1993,county-47160000,เจริญศิลป์,-,5
1994,county-47170000,โพนนาแก้ว,-,5
1995,county-47180000,ภูพาน,-,5
1996,county-48010000,เมืองนครพนม,-,5
1997,county-48020000,ปลาปาก,-,5
1998,county-48030000,ท่าอุเทน,-,5
1999,county-48040000,บ้านแพง,-,5
2000,county-48050000,ธาตุพนม,-,5
2001,county-48060000,เรณูนคร,-,5
2002,county-48070000,นาแก,-,5
2003,county-48080000,ศรีสงคราม,-,5
2004,county-48090000,นาหว้า,-,5
2005,county-48100000,โพนสวรรค์,-,5
2006,county-48110000,นาทม,-,5
2007,county-48120000,วังยาง,-,5
2008,county-49010000,เมืองมุกดาหาร,-,5
2009,county-49020000,นิคมคำสร้อย,-,5
2010,county-49030000,ดอนตาล,-,5
2011,county-49040000,ดงหลวง,-,5
2012,county-49050000,คำชะอี,-,5
2013,county-49060000,หว้านใหญ่,-,5
2014,county-49070000,หนองสูง,-,5
2015,county-50010000,เมืองเชียงใหม่,-,5
2016,county-50020000,จอมทอง,-,5
2017,county-50030000,แม่แจ่ม,-,5
2018,county-50040000,เชียงดาว,-,5
2019,county-50050000,ดอยสะเก็ด,-,5
2020,county-50060000,แม่แตง,-,5
2021,county-50070000,แม่ริม,-,5
2022,county-50080000,สะเมิง,-,5
2023,county-50090000,ฝาง,-,5
2024,county-50100000,แม่อาย,-,5
2025,county-50110000,พร้าว,-,5
2026,county-50120000,สันป่าตอง,-,5
2027,county-50130000,สันกำแพง,-,5
2028,county-50140000,สันทราย,-,5
2029,county-50150000,หางดง,-,5
2030,county-50160000,ฮอด,-,5
2031,county-50170000,ดอยเต่า,-,5
2032,county-50180000,อมก๋อย,-,5
2033,county-50190000,สารภี,-,5
2034,county-50200000,เวียงแหง,-,5
2035,county-50210000,ไชยปราการ,-,5
2036,county-50220000,แม่วาง,-,5
2037,county-50230000,แม่ออน,-,5
2038,county-50240000,ดอยหล่อ,-,5
2039,county-50250000,กัลยาณิวัฒนา,-,5
2040,county-51010000,เมืองลำพูน,-,5
2041,county-51020000,แม่ทา,-,5
2042,county-51030000,บ้านโฮ่ง,-,5
2043,county-51040000,ลี้,-,5
2044,county-51050000,ทุ่งหัวช้าง,-,5
2045,county-51060000,ป่าซาง,-,5
2046,county-51070000,บ้านธิ,-,5
2047,county-51080000,เวียงหนองล่อง,-,5
2048,county-52010000,เมืองลำปาง,-,5
2049,county-52020000,แม่เมาะ,-,5
2050,county-52030000,เกาะคา,-,5
2051,county-52040000,เสริมงาม,-,5
2052,county-52050000,งาว,-,5
2053,county-52060000,แจ้ห่ม,-,5
2054,county-52070000,วังเหนือ,-,5
2055,county-52080000,เถิน,-,5
2056,county-52090000,แม่พริก,-,5
2057,county-52100000,แม่ทะ,-,5
2058,county-52110000,สบปราบ,-,5
2059,county-52120000,ห้างฉัตร,-,5
2060,county-52130000,เมืองปาน,-,5
2061,county-53010000,เมืองอุตรดิตถ์,-,5
2062,county-53020000,ตรอน,-,5
2063,county-53030000,ท่าปลา,-,5
2064,county-53040000,น้ำปาด,-,5
2065,county-53050000,ฟากท่า,-,5
2066,county-53060000,บ้านโคก,-,5
2067,county-53070000,พิชัย,-,5
2068,county-53080000,ลับแล,-,5
2069,county-53090000,ทองแสนขัน,-,5
2070,county-54010000,เมืองแพร่,-,5
2071,county-54020000,ร้องกวาง,-,5
2072,county-54030000,ลอง,-,5
2073,county-54040000,สูงเม่น,-,5
2074,county-54050000,เด่นชัย,-,5
2075,county-54060000,สอง,-,5
2076,county-54070000,วังชิ้น,-,5
2077,county-54080000,หนองม่วงไข่,-,5
2078,county-55010000,เมืองน่าน,-,5
2079,county-55020000,แม่จริม,-,5
2080,county-55030000,บ้านหลวง,-,5
2081,county-55040000,นาน้อย,-,5
2082,county-55050000,ปัว,-,5
2083,county-55060000,ท่าวังผา,-,5
2084,county-55070000,เวียงสา,-,5
2085,county-55080000,ทุ่งช้าง,-,5
2086,county-55090000,เชียงกลาง,-,5
2087,county-55100000,นาหมื่น,-,5
2088,county-55110000,สันติสุข,-,5
2089,county-55120000,บ่อเกลือ,-,5
2090,county-55130000,สองแคว,-,5
2091,county-55140000,ภูเพียง,-,5
2092,county-55150000,เฉลิมพระเกียรติ,-,5
2093,county-56010000,เมืองพะเยา,-,5
2094,county-56020000,จุน,-,5
2095,county-56030000,เชียงคำ,-,5
2096,county-56040000,เชียงม่วน,-,5
2097,county-56050000,ดอกคำใต้,-,5
2098,county-56060000,ปง,-,5
2099,county-56070000,แม่ใจ,-,5
2100,county-56080000,ภูซาง,-,5
2101,county-56090000,ภูกามยาว,-,5
2102,county-57010000,เมืองเชียงราย,-,5
2103,county-57020000,เวียงชัย,-,5
2104,county-57030000,เชียงของ,-,5
2105,county-57040000,เทิง,-,5
2106,county-57050000,พาน,-,5
2107,county-57060000,ป่าแดด,-,5
2108,county-57070000,แม่จัน,-,5
2109,county-57080000,เชียงแสน,-,5
2110,county-57090000,แม่สาย,-,5
2111,county-57100000,แม่สรวย,-,5
2112,county-57110000,เวียงป่าเป้า,-,5
2113,county-57120000,พญาเม็งราย,-,5
2114,county-57130000,เวียงแก่น,-,5
2115,county-57140000,ขุนตาล,-,5
2116,county-57150000,แม่ฟ้าหลวง,-,5
2117,county-57160000,แม่ลาว,-,5
2118,county-57170000,เวียงเชียงรุ้ง,-,5
2119,county-57180000,ดอยหลวง,-,5
2120,county-58010000,เมืองแม่ฮ่องสอน,-,5
2121,county-58020000,ขุนยวม,-,5
2122,county-58030000,ปาย,-,5
2123,county-58040000,แม่สะเรียง,-,5
2124,county-58050000,แม่ลาน้อย,-,5
2125,county-58060000,สบเมย,-,5
2126,county-58070000,ปางมะผ้า,-,5
2127,county-60010000,เมืองนครสวรรค์,-,5
2128,county-60020000,โกรกพระ,-,5
2129,county-60030000,ชุมแสง,-,5
2130,county-60040000,หนองบัว,-,5
2131,county-60050000,บรรพตพิสัย,-,5
2132,county-60060000,เก้าเลี้ยว,-,5
2133,county-60070000,ตาคลี,-,5
2134,county-60080000,ท่าตะโก,-,5
2135,county-60090000,ไพศาลี,-,5
2136,county-60100000,พยุหะคีรี,-,5
2137,county-60110000,ลาดยาว,-,5
2138,county-60120000,ตากฟ้า,-,5
2139,county-60130000,แม่วงก์,-,5
2140,county-60140000,แม่เปิน,-,5
2141,county-60150000,ชุมตาบง,-,5
2142,county-61010000,เมืองอุทัยธานี,-,5
2143,county-61020000,ทัพทัน,-,5
2144,county-61030000,สว่างอารมณ์,-,5
2145,county-61040000,หนองฉาง,-,5
2146,county-61050000,หนองขาหย่าง,-,5
2147,county-61060000,บ้านไร่,-,5
2148,county-61070000,ลานสัก,-,5
2149,county-61080000,ห้วยคต,-,5
2150,county-62010000,เมืองกำแพงเพชร,-,5
2151,county-62020000,ไทรงาม,-,5
2152,county-62030000,คลองลาน,-,5
2153,county-62040000,ขาณุวรลักษบุรี,-,5
2154,county-62050000,คลองขลุง,-,5
2155,county-62060000,พรานกระต่าย,-,5
2156,county-62070000,ลานกระบือ,-,5
2157,county-62080000,ทรายทองวัฒนา,-,5
2158,county-62090000,ปางศิลาทอง,-,5
2159,county-62100000,บึงสามัคคี,-,5
2160,county-62110000,โกสัมพีนคร,-,5
2161,county-63010000,เมืองตาก,-,5
2162,county-63020000,บ้านตาก,-,5
2163,county-63030000,สามเงา,-,5
2164,county-63040000,แม่ระมาด,-,5
2165,county-63050000,ท่าสองยาง,-,5
2166,county-63060000,แม่สอด,-,5
2167,county-63070000,พบพระ,-,5
2168,county-63080000,อุ้มผาง,-,5
2169,county-63090000,วังเจ้า,-,5
2170,county-64010000,เมืองสุโขทัย,-,5
2171,county-64020000,บ้านด่านลานหอย,-,5
2172,county-64030000,คีรีมาศ,-,5
2173,county-64040000,กงไกรลาศ,-,5
2174,county-64050000,ศรีสัชนาลัย,-,5
2175,county-64060000,ศรีสำโรง,-,5
2176,county-64070000,สวรรคโลก,-,5
2177,county-64080000,ศรีนคร,-,5
2178,county-64090000,ทุ่งเสลี่ยม,-,5
2179,county-65010000,เมืองพิษณุโลก,-,5
2180,county-65020000,นครไทย,-,5
2181,county-65030000,ชาติตระการ,-,5
2182,county-65040000,บางระกำ,-,5
2183,county-65050000,บางกระทุ่ม,-,5
2184,county-65060000,พรหมพิราม,-,5
2185,county-65070000,วัดโบสถ์,-,5
2186,county-65080000,วังทอง,-,5
2187,county-65090000,เนินมะปราง,-,5
2188,county-66010000,เมืองพิจิตร,-,5
2189,county-66020000,วังทรายพูน,-,5
2190,county-66030000,โพธิ์ประทับช้าง,-,5
2191,county-66040000,ตะพานหิน,-,5
2192,county-66050000,บางมูลนาก,-,5
2193,county-66060000,โพทะเล,-,5
2194,county-66070000,สามง่าม,-,5
2195,county-66080000,ทับคล้อ,-,5
2196,county-66090000,สากเหล็ก,-,5
2197,county-66100000,บึงนาราง,-,5
2198,county-66110000,ดงเจริญ,-,5
2199,county-66120000,วชิรบารมี,-,5
2200,county-67010000,เมืองเพชรบูรณ์,-,5
2201,county-67020000,ชนแดน,-,5
2202,county-67030000,หล่มสัก,-,5
2203,county-67040000,หล่มเก่า,-,5
2204,county-67050000,วิเชียรบุรี,-,5
2205,county-67060000,ศรีเทพ,-,5
2206,county-67070000,หนองไผ่,-,5
2207,county-67080000,บึงสามพัน,-,5
2208,county-67090000,น้ำหนาว,-,5
2209,county-67100000,วังโป่ง,-,5
2210,county-67110000,เขาค้อ,-,5
2211,county-70010000,เมืองราชบุรี,-,5
2212,county-70020000,จอมบึง,-,5
2213,county-70030000,สวนผึ้ง,-,5
2214,county-70040000,ดำเนินสะดวก,-,5
2215,county-70050000,บ้านโป่ง,-,5
2216,county-70060000,บางแพ,-,5
2217,county-70070000,โพธาราม,-,5
2218,county-70080000,ปากท่อ,-,5
2219,county-70090000,วัดเพลง,-,5
2220,county-70100000,บ้านคา,-,5
2221,county-71010000,เมืองกาญจนบุรี,-,5
2222,county-71020000,ไทรโยค,-,5
2223,county-71030000,บ่อพลอย,-,5
2224,county-71040000,ศรีสวัสดิ์,-,5
2225,county-71050000,ท่ามะกา,-,5
2226,county-71060000,ท่าม่วง,-,5
2227,county-71070000,ทองผาภูมิ,-,5
2228,county-71080000,สังขละบุรี,-,5
2229,county-71090000,พนมทวน,-,5
2230,county-71100000,เลาขวัญ,-,5
2231,county-71110000,ด่านมะขามเตี้ย,-,5
2232,county-71120000,หนองปรือ,-,5
2233,county-71130000,ห้วยกระเจา,-,5
2234,county-72010000,เมืองสุพรรณบุรี,-,5
2235,county-72020000,เดิมบางนางบวช,-,5
2236,county-72030000,ด่านช้าง,-,5
2237,county-72040000,บางปลาม้า,-,5
2238,county-72050000,ศรีประจันต์,-,5
2239,county-72060000,ดอนเจดีย์,-,5
2240,county-72070000,สองพี่น้อง,-,5
2241,county-72080000,สามชุก,-,5
2242,county-72090000,อู่ทอง,-,5
2243,county-72100000,หนองหญ้าไซ,-,5
2244,county-73010000,เมืองนครปฐม,-,5
2245,county-73020000,กำแพงแสน,-,5
2246,county-73030000,นครชัยศรี,-,5
2247,county-73040000,ดอนตูม,-,5
2248,county-73050000,บางเลน,-,5
2249,county-73060000,สามพราน,-,5
2250,county-73070000,พุทธมณฑล,-,5
2251,county-74010000,เมืองสมุทรสาคร,-,5
2252,county-74020000,กระทุ่มแบน,-,5
2253,county-74030000,บ้านแพ้ว,-,5
2254,county-75010000,เมืองสมุทรสงคราม,-,5
2255,county-75020000,บางคนที,-,5
2256,county-75030000,อัมพวา,-,5
2257,county-76010000,เมืองเพชรบุรี,-,5
2258,county-76020000,เขาย้อย,-,5
2259,county-76030000,หนองหญ้าปล้อง,-,5
2260,county-76040000,ชะอำ,-,5
2261,county-76050000,ท่ายาง,-,5
2262,county-76060000,บ้านลาด,-,5
2263,county-76070000,บ้านแหลม,-,5
2264,county-76080000,แก่งกระจาน,-,5
2265,county-77010000,เมืองประจวบคีรีขันธ์,-,5
2266,county-77020000,กุยบุรี,-,5
2267,county-77030000,ทับสะแก,-,5
2268,county-77040000,บางสะพาน,-,5
2269,county-77050000,บางสะพานน้อย,-,5
2270,county-77060000,ปราณบุรี,-,5
2271,county-77070000,หัวหิน,-,5
2272,county-77080000,สามร้อยยอด,-,5
2273,county-80010000,เมืองนครศรีธรรมราช,-,5
2274,county-80020000,พรหมคีรี,-,5
2275,county-80030000,ลานสกา,-,5
2276,county-80040000,ฉวาง,-,5
2277,county-80050000,พิปูน,-,5
2278,county-80060000,เชียรใหญ่,-,5
2279,county-80070000,ชะอวด,-,5
2280,county-80080000,ท่าศาลา,-,5
2281,county-80090000,ทุ่งสง,-,5
2282,county-80100000,นาบอน,-,5
2283,county-80110000,ทุ่งใหญ่,-,5
2284,county-80120000,ปากพนัง,-,5
2285,county-80130000,ร่อนพิบูลย์,-,5
2286,county-80140000,สิชล,-,5
2287,county-80150000,ขนอม,-,5
2288,county-80160000,หัวไทร,-,5
2289,county-80170000,บางขัน,-,5
2290,county-80180000,ถ้ำพรรณรา,-,5
2291,county-80190000,จุฬาภรณ์,-,5
2292,county-80200000,พระพรหม,-,5
2293,county-80210000,นบพิตำ,-,5
2294,county-80220000,ช้างกลาง,-,5
2295,county-80230000,เฉลิมพระเกียรติ,-,5
2296,county-81010000,เมืองกระบี่,-,5
2297,county-81020000,เขาพนม,-,5
2298,county-81030000,เกาะลันตา,-,5
2299,county-81040000,คลองท่อม,-,5
2300,county-81050000,อ่าวลึก,-,5
2301,county-81060000,ปลายพระยา,-,5
2302,county-81070000,ลำทับ,-,5
2303,county-81080000,เหนือคลอง,-,5
2304,county-82010000,เมืองพังงา,-,5
2305,county-82020000,เกาะยาว,-,5
2306,county-82030000,กะปง,-,5
2307,county-82040000,ตะกั่วทุ่ง,-,5
2308,county-82050000,ตะกั่วป่า,-,5
2309,county-82060000,คุระบุรี,-,5
2310,county-82070000,ทับปุด,-,5
2311,county-82080000,ท้ายเหมือง,-,5
2312,county-83010000,เมืองภูเก็ต,-,5
2313,county-83020000,กะทู้,-,5
2314,county-83030000,ถลาง,-,5
2315,county-84010000,เมืองสุราษฎร์ธานี,-,5
2316,county-84020000,กาญจนดิษฐ์,-,5
2317,county-84030000,ดอนสัก,-,5
2318,county-84040000,เกาะสมุย,-,5
2319,county-84050000,เกาะพะงัน,-,5
2320,county-84060000,ไชยา,-,5
2321,county-84070000,ท่าชนะ,-,5
2322,county-84080000,คีรีรัฐนิคม,-,5
2323,county-84090000,บ้านตาขุน,-,5
2324,county-84100000,พนม,-,5
2325,county-84110000,ท่าฉาง,-,5
2326,county-84120000,บ้านนาสาร,-,5
2327,county-84130000,บ้านนาเดิม,-,5
2328,county-84140000,เคียนซา,-,5
2329,county-84150000,เวียงสระ,-,5
2330,county-84160000,พระแสง,-,5
2331,county-84170000,พุนพิน,-,5
2332,county-84180000,ชัยบุรี,-,5
2333,county-84190000,วิภาวดี,-,5
2334,county-85010000,เมืองระนอง,-,5
2335,county-85020000,ละอุ่น,-,5
2336,county-85030000,กะเปอร์,-,5
2337,county-85040000,กระบุรี,-,5
2338,county-85050000,สุขสำราญ,-,5
2339,county-86010000,เมืองชุมพร,-,5
2340,county-86020000,ท่าแซะ,-,5
2341,county-86030000,ปะทิว,-,5
2342,county-86040000,หลังสวน,-,5
2343,county-86050000,ละแม,-,5
2344,county-86060000,พะโต๊ะ,-,5
2345,county-86070000,สวี,-,5
2346,county-86080000,ทุ่งตะโก,-,5
2347,county-90010000,เมืองสงขลา,-,5
2348,county-90020000,สทิงพระ,-,5
2349,county-90030000,จะนะ,-,5
2350,county-90040000,นาทวี,-,5
2351,county-90050000,เทพา,-,5
2352,county-90060000,สะบ้าย้อย,-,5
2353,county-90070000,ระโนด,-,5
2354,county-90080000,กระแสสินธุ์,-,5
2355,county-90090000,รัตภูมิ,-,5
2356,county-90100000,สะเดา,-,5
2357,county-90110000,หาดใหญ่,-,5
2358,county-90120000,นาหม่อม,-,5
2359,county-90130000,ควนเนียง,-,5
2360,county-90140000,บางกล่ำ,-,5
2361,county-90150000,สิงหนคร,-,5
2362,county-90160000,คลองหอยโข่ง,-,5
2363,county-91010000,เมืองสตูล,-,5
2364,county-91020000,ควนโดน,-,5
2365,county-91030000,ควนกาหลง,-,5
2366,county-91040000,ท่าแพ,-,5
2367,county-91050000,ละงู,-,5
2368,county-91060000,ทุ่งหว้า,-,5
2369,county-91070000,มะนัง,-,5
2370,county-92010000,เมืองตรัง,-,5
2371,county-92020000,กันตัง,-,5
2372,county-92030000,ย่านตาขาว,-,5
2373,county-92040000,ปะเหลียน,-,5
2374,county-92050000,สิเกา,-,5
2375,county-92060000,ห้วยยอด,-,5
2376,county-92070000,วังวิเศษ,-,5
2377,county-92080000,นาโยง,-,5
2378,county-92090000,รัษฎา,-,5
2379,county-92100000,หาดสำราญ,-,5
2380,county-93010000,เมืองพัทลุง,-,5
2381,county-93020000,กงหรา,-,5
2382,county-93030000,เขาชัยสน,-,5
2383,county-93040000,ตะโหมด,-,5
2384,county-93050000,ควนขนุน,-,5
2385,county-93060000,ปากพะยูน,-,5
2386,county-93070000,ศรีบรรพต,-,5
2387,county-93080000,ป่าบอน,-,5
2388,county-93090000,บางแก้ว,-,5
2389,county-93100000,ป่าพะยอม,-,5
2390,county-93110000,ศรีนครินทร์,-,5
2391,county-94010000,เมืองปัตตานี,-,5
2392,county-94020000,โคกโพธิ์,-,5
2393,county-94030000,หนองจิก,-,5
2394,county-94040000,ปะนาเระ,-,5
2395,county-94050000,มายอ,-,5
2396,county-94060000,ทุ่งยางแดง,-,5
2397,county-94070000,สายบุรี,-,5
2398,county-94080000,ไม้แก่น,-,5
2399,county-94090000,ยะหริ่ง,-,5
2400,county-94100000,ยะรัง,-,5
2401,county-94110000,กะพ้อ,-,5
2402,county-94120000,แม่ลาน,-,5
2403,county-95010000,เมืองยะลา,-,5
2404,county-95020000,เบตง,-,5
2405,county-95030000,บันนังสตา,-,5
2406,county-95040000,ธารโต,-,5
2407,county-95050000,ยะหา,-,5
2408,county-95060000,รามัน,-,5
2409,county-95070000,กาบัง,-,5
2410,county-95080000,กรงปินัง,-,5
2411,county-96010000,เมืองนราธิวาส,-,5
2412,county-96020000,ตากใบ,-,5
2413,county-96030000,บาเจาะ,-,5
2414,county-96040000,ยี่งอ,-,5
2415,county-96050000,ระแงะ,-,5
2416,county-96060000,รือเสาะ,-,5
2417,county-96070000,ศรีสาคร,-,5
2418,county-96080000,แว้ง,-,5
2419,county-96090000,สุคิริน,-,5
2420,county-96100000,สุไหงโก-ลก,-,5
2421,county-96110000,สุไหงปาดี,-,5
2422,county-96120000,จะแนะ,-,5
2423,county-96130000,เจาะไอร้อง,-,5
