geo_id,geo_code,name,abbreviation,type_id
256,postal-10200,พระนคร,10200,6
257,postal-10300,ดุสิต,10300,6
258,postal-10530,หนองจอก,10530,6
259,postal-10500,บางรัก,10500,6
260,postal-10220,บางเขน,10220,6
261,postal-10240,บางกะปิ,10240,6
262,postal-10330,ปทุมวัน,10330,6
263,postal-10100,ป้อมปราบศัตรูพ่าย,10100,6
264,postal-10260,พระโขนง,10260,6
265,postal-10510,มีนบุรี,10510,6
266,postal-10520,ลาดกระบัง,10520,6
267,postal-10120,ยานนาวา,10120,6
268,postal-10100,สัมพันธวงศ์,10100,6
269,postal-10400,พญาไท,10400,6
270,postal-10600,ธนบุรี,10600,6
271,postal-10600,บางกอกใหญ่,10600,6
272,postal-10310,ห้วยขวาง,10310,6
273,postal-10600,คลองสาน,10600,6
274,postal-10170,ตลิ่งชัน,10170,6
275,postal-10700,บางกอกน้อย,10700,6
276,postal-10150,บางขุนเทียน,10150,6
277,postal-10160,ภาษีเจริญ,10160,6
278,postal-10160,หนองแขม,10160,6
279,postal-10140,ราษฎร์บูรณะ,10140,6
280,postal-10700,บางพลัด,10700,6
281,postal-10400,ดินแดง,10400,6
282,postal-10240,บึงกุ่ม,10240,6
283,postal-10120,สาทร,10120,6
284,postal-10800,บางซื่อ,10800,6
285,postal-10900,จตุจักร,10900,6
286,postal-10120,บางคอแหลม,10120,6
287,postal-10250,ประเวศ,10250,6
288,postal-10110,คลองเตย,10110,6
289,postal-10250,สวนหลวง,10250,6
290,postal-10150,จอมทอง,10150,6
291,postal-10210,ดอนเมือง,10210,6
292,postal-10400,ราชเทวี,10400,6
293,postal-10230,ลาดพร้าว,10230,6
294,postal-10110,วัฒนา,10110,6
295,postal-10160,บางแค,10160,6
296,postal-10210,หลักสี่,10210,6
297,postal-10220,สายไหม,10220,6
298,postal-10230,คันนายาว,10230,6
299,postal-10240,สะพานสูง,10240,6
300,postal-10310,วังทองหลาง,10310,6
301,postal-10510,คลองสามวา,10510,6
302,postal-10260,บางนา,10260,6
303,postal-10170,ทวีวัฒนา,10170,6
304,postal-10140,ทุ่งครุ,10140,6
305,postal-10150,บางบอน,10150,6
306,postal-10270,เมืองสมุทรปราการ,10270,6
307,postal-10280,เมืองสมุทรปราการ,10280,6
308,postal-10560,บางบ่อ,10560,6
309,postal-10550,บางบ่อ,10550,6
310,postal-10540,บางพลี,10540,6
311,postal-10130,พระประแดง,10130,6
312,postal-10290,พระสมุทรเจดีย์,10290,6
313,postal-10540,บางเสาธง,10540,6
314,postal-11000,เมืองนนทบุรี,11000,6
315,postal-11130,บางกรวย,11130,6
316,postal-11140,บางใหญ่,11140,6
317,postal-11110,บางบัวทอง,11110,6
318,postal-11150,ไทรน้อย,11150,6
319,postal-11120,ปากเกร็ด,11120,6
320,postal-12000,เมืองปทุมธานี,12000,6
321,postal-12120,คลองหลวง,12120,6
322,postal-12130,ธัญบุรี,12130,6
323,postal-12110,ธัญบุรี,12110,6
324,postal-12170,หนองเสือ,12170,6
325,postal-12140,ลาดหลุมแก้ว,12140,6
326,postal-12130,ลำลูกกา,12130,6
327,postal-12150,ลำลูกกา,12150,6
328,postal-12160,สามโคก,12160,6
329,postal-13000,พระนครศรีอยุธยา,13000,6
330,postal-13130,ท่าเรือ,13130,6
331,postal-13260,นครหลวง,13260,6
332,postal-13190,บางไทร,13190,6
333,postal-13290,บางไทร,13290,6
334,postal-13250,บางบาล,13250,6
335,postal-13160,บางปะอิน,13160,6
336,postal-13180,บางปะอิน,13180,6
337,postal-13170,บางปะอิน,13170,6
338,postal-13220,บางปะหัน,13220,6
339,postal-13120,ผักไห่,13120,6
340,postal-13280,ผักไห่,13280,6
341,postal-13140,ภาชี,13140,6
342,postal-13230,ลาดบัวหลวง,13230,6
343,postal-13170,วังน้อย,13170,6
344,postal-13110,เสนา,13110,6
345,postal-13270,บางซ้าย,13270,6
346,postal-13210,อุทัย,13210,6
347,postal-13150,มหาราช,13150,6
348,postal-13240,บ้านแพรก,13240,6
349,postal-14000,เมืองอ่างทอง,14000,6
350,postal-14140,ไชโย,14140,6
351,postal-14130,ป่าโมก,14130,6
352,postal-14120,โพธิ์ทอง,14120,6
353,postal-14150,แสวงหา,14150,6
354,postal-14110,วิเศษชัยชาญ,14110,6
355,postal-14160,สามโก้,14160,6
356,postal-15000,เมืองลพบุรี,15000,6
357,postal-13240,เมืองลพบุรี,13240,6
358,postal-15160,เมืองลพบุรี,15160,6
359,postal-15210,เมืองลพบุรี,15210,6
360,postal-15140,พัฒนานิคม,15140,6
361,postal-15220,พัฒนานิคม,15220,6
362,postal-18220,พัฒนานิคม,18220,6
363,postal-15120,โคกสำโรง,15120,6
364,postal-15130,ชัยบาดาล,15130,6
365,postal-15230,ชัยบาดาล,15230,6
366,postal-15190,ชัยบาดาล,15190,6
367,postal-15150,ท่าวุ้ง,15150,6
368,postal-15180,ท่าวุ้ง,15180,6
369,postal-15110,บ้านหมี่,15110,6
370,postal-15180,บ้านหมี่,15180,6
371,postal-15230,ท่าหลวง,15230,6
372,postal-15240,สระโบสถ์,15240,6
373,postal-15250,โคกเจริญ,15250,6
374,postal-15190,ลำสนธิ,15190,6
375,postal-15130,ลำสนธิ,15130,6
376,postal-15170,หนองม่วง,15170,6
377,postal-16000,เมืองสิงห์บุรี,16000,6
378,postal-16130,บางระจัน,16130,6
379,postal-16150,ค่ายบางระจัน,16150,6
380,postal-16120,พรหมบุรี,16120,6
381,postal-16160,พรหมบุรี,16160,6
382,postal-16140,ท่าช้าง,16140,6
383,postal-16110,อินทร์บุรี,16110,6
384,postal-17000,เมืองชัยนาท,17000,6
385,postal-17110,มโนรมย์,17110,6
386,postal-17170,มโนรมย์,17170,6
387,postal-17120,วัดสิงห์,17120,6
388,postal-17150,สรรพยา,17150,6
389,postal-17140,สรรคบุรี,17140,6
390,postal-17130,หันคา,17130,6
391,postal-17160,หันคา,17160,6
392,postal-17120,หนองมะโมง,17120,6
393,postal-17130,เนินขาม,17130,6
394,postal-18000,เมืองสระบุรี,18000,6
395,postal-18110,แก่งคอย,18110,6
396,postal-18260,แก่งคอย,18260,6
397,postal-18140,หนองแค,18140,6
398,postal-18250,หนองแค,18250,6
399,postal-18230,หนองแค,18230,6
400,postal-18150,วิหารแดง,18150,6
401,postal-18170,หนองแซง,18170,6
402,postal-18130,บ้านหมอ,18130,6
403,postal-18270,บ้านหมอ,18270,6
404,postal-18210,ดอนพุด,18210,6
405,postal-18190,หนองโดน,18190,6
406,postal-18120,พระพุทธบาท,18120,6
407,postal-18160,เสาไห้,18160,6
408,postal-18180,มวกเหล็ก,18180,6
409,postal-30130,มวกเหล็ก,30130,6
410,postal-18220,มวกเหล็ก,18220,6
411,postal-18220,วังม่วง,18220,6
412,postal-18000,เฉลิมพระเกียรติ,18000,6
413,postal-18240,เฉลิมพระเกียรติ,18240,6
414,postal-20000,เมืองชลบุรี,20000,6
415,postal-20130,เมืองชลบุรี,20130,6
416,postal-20170,บ้านบึง,20170,6
417,postal-20220,บ้านบึง,20220,6
418,postal-20190,หนองใหญ่,20190,6
419,postal-20150,บางละมุง,20150,6
420,postal-20160,พานทอง,20160,6
421,postal-20140,พนัสนิคม,20140,6
422,postal-20110,ศรีราชา,20110,6
423,postal-20230,ศรีราชา,20230,6
424,postal-20120,เกาะสีชัง,20120,6
425,postal-20180,สัตหีบ,20180,6
426,postal-20250,สัตหีบ,20250,6
427,postal-20270,บ่อทอง,20270,6
428,postal-20240,เกาะจันทร์,20240,6
429,postal-21000,เมืองระยอง,21000,6
430,postal-21160,เมืองระยอง,21160,6
431,postal-21100,เมืองระยอง,21100,6
432,postal-21150,เมืองระยอง,21150,6
433,postal-21130,บ้านฉาง,21130,6
434,postal-21110,แกลง,21110,6
435,postal-21190,แกลง,21190,6
436,postal-22160,แกลง,22160,6
437,postal-21170,แกลง,21170,6
438,postal-21210,วังจันทร์,21210,6
439,postal-21120,บ้านค่าย,21120,6
440,postal-21140,ปลวกแดง,21140,6
441,postal-21110,เขาชะเมา,21110,6
442,postal-21180,นิคมพัฒนา,21180,6
443,postal-22000,เมืองจันทบุรี,22000,6
444,postal-22110,ขลุง,22110,6
445,postal-22150,ขลุง,22150,6
446,postal-22120,ท่าใหม่,22120,6
447,postal-22170,ท่าใหม่,22170,6
448,postal-22140,โป่งน้ำร้อน,22140,6
449,postal-22150,มะขาม,22150,6
450,postal-22130,แหลมสิงห์,22130,6
451,postal-22190,แหลมสิงห์,22190,6
452,postal-22120,แหลมสิงห์,22120,6
453,postal-22180,สอยดาว,22180,6
454,postal-22160,แก่งหางแมว,22160,6
455,postal-22160,นายายอาม,22160,6
456,postal-22170,นายายอาม,22170,6
457,postal-22210,เขาคิชฌกูฏ,22210,6
458,postal-23000,เมืองตราด,23000,6
459,postal-23110,คลองใหญ่,23110,6
460,postal-23130,เขาสมิง,23130,6
461,postal-23150,เขาสมิง,23150,6
462,postal-23140,บ่อไร่,23140,6
463,postal-23120,แหลมงอบ,23120,6
464,postal-23000,เกาะกูด,23000,6
465,postal-23170,เกาะช้าง,23170,6
466,postal-24000,เมืองฉะเชิงเทรา,24000,6
467,postal-24110,บางคล้า,24110,6
468,postal-24150,บางน้ำเปรี้ยว,24150,6
469,postal-24170,บางน้ำเปรี้ยว,24170,6
470,postal-24000,บางน้ำเปรี้ยว,24000,6
471,postal-24130,บางปะกง,24130,6
472,postal-24180,บางปะกง,24180,6
473,postal-24140,บ้านโพธิ์,24140,6
474,postal-24120,พนมสารคาม,24120,6
475,postal-24120,ราชสาส์น,24120,6
476,postal-24160,สนามชัยเขต,24160,6
477,postal-24190,แปลงยาว,24190,6
478,postal-24160,ท่าตะเกียบ,24160,6
479,postal-24000,คลองเขื่อน,24000,6
480,postal-24110,คลองเขื่อน,24110,6
481,postal-25000,เมืองปราจีนบุรี,25000,6
482,postal-25230,เมืองปราจีนบุรี,25230,6
483,postal-25110,กบินทร์บุรี,25110,6
484,postal-25240,กบินทร์บุรี,25240,6
485,postal-25220,นาดี,25220,6
486,postal-25150,บ้านสร้าง,25150,6
487,postal-25130,ประจันตคาม,25130,6
488,postal-25140,ศรีมหาโพธิ,25140,6
489,postal-25190,ศรีมโหสถ,25190,6
490,postal-26000,เมืองนครนายก,26000,6
491,postal-26130,ปากพลี,26130,6
492,postal-26110,บ้านนา,26110,6
493,postal-26120,องครักษ์,26120,6
494,postal-27000,เมืองสระแก้ว,27000,6
495,postal-27260,คลองหาด,27260,6
496,postal-27180,ตาพระยา,27180,6
497,postal-27210,วังน้ำเย็น,27210,6
498,postal-27160,วัฒนานคร,27160,6
499,postal-27120,อรัญประเทศ,27120,6
500,postal-27000,เขาฉกรรจ์,27000,6
501,postal-27120,โคกสูง,27120,6
502,postal-27180,โคกสูง,27180,6
503,postal-27250,วังสมบูรณ์,27250,6
504,postal-30000,เมืองนครราชสีมา,30000,6
505,postal-30310,เมืองนครราชสีมา,30310,6
506,postal-30280,เมืองนครราชสีมา,30280,6
507,postal-30250,ครบุรี,30250,6
508,postal-30330,เสิงสาง,30330,6
509,postal-30260,คง,30260,6
510,postal-30350,บ้านเหลื่อม,30350,6
511,postal-30230,จักราช,30230,6
512,postal-30190,โชคชัย,30190,6
513,postal-30210,ด่านขุนทด,30210,6
514,postal-36220,ด่านขุนทด,36220,6
515,postal-30220,โนนไทย,30220,6
516,postal-30160,โนนสูง,30160,6
517,postal-30420,โนนสูง,30420,6
518,postal-30290,ขามสะแกแสง,30290,6
519,postal-30120,บัวใหญ่,30120,6
520,postal-30180,ประทาย,30180,6
521,postal-30150,ปักธงชัย,30150,6
522,postal-30110,พิมาย,30110,6
523,postal-30240,ห้วยแถลง,30240,6
524,postal-30270,ชุมพวง,30270,6
525,postal-30170,สูงเนิน,30170,6
526,postal-30380,สูงเนิน,30380,6
527,postal-30280,ขามทะเลสอ,30280,6
528,postal-30140,สีคิ้ว,30140,6
529,postal-30340,สีคิ้ว,30340,6
530,postal-30130,ปากช่อง,30130,6
531,postal-30320,ปากช่อง,30320,6
532,postal-30410,หนองบุญมาก,30410,6
533,postal-30440,แก้งสนามนาง,30440,6
534,postal-30360,โนนแดง,30360,6
535,postal-30370,วังน้ำเขียว,30370,6
536,postal-30150,วังน้ำเขียว,30150,6
537,postal-30210,เทพารักษ์,30210,6
538,postal-30270,เมืองยาง,30270,6
539,postal-30220,พระทองคำ,30220,6
540,postal-30270,ลำทะเมนชัย,30270,6
541,postal-30120,บัวลาย,30120,6
542,postal-30430,สีดา,30430,6
543,postal-30230,เฉลิมพระเกียรติ,30230,6
544,postal-30000,เฉลิมพระเกียรติ,30000,6
545,postal-31000,เมืองบุรีรัมย์,31000,6
546,postal-31190,คูเมือง,31190,6
547,postal-31160,กระสัง,31160,6
548,postal-31110,นางรอง,31110,6
549,postal-31210,หนองกี่,31210,6
550,postal-31170,ละหานทราย,31170,6
551,postal-31140,ประโคนชัย,31140,6
552,postal-31180,บ้านกรวด,31180,6
553,postal-31120,พุทไธสง,31120,6
554,postal-31130,ลำปลายมาศ,31130,6
555,postal-31150,สตึก,31150,6
556,postal-31220,ปะคำ,31220,6
557,postal-31230,นาโพธิ์,31230,6
558,postal-31240,หนองหงส์,31240,6
559,postal-31250,พลับพลาชัย,31250,6
560,postal-31000,ห้วยราช,31000,6
561,postal-31110,โนนสุวรรณ,31110,6
562,postal-31110,ชำนิ,31110,6
563,postal-31120,บ้านใหม่ไชยพจน์,31120,6
564,postal-31260,โนนดินแดง,31260,6
565,postal-31000,บ้านด่าน,31000,6
566,postal-31150,แคนดง,31150,6
567,postal-31110,เฉลิมพระเกียรติ,31110,6
568,postal-31170,เฉลิมพระเกียรติ,31170,6
569,postal-32000,เมืองสุรินทร์,32000,6
570,postal-32190,ชุมพลบุรี,32190,6
571,postal-32120,ท่าตูม,32120,6
572,postal-32180,จอมพระ,32180,6
573,postal-32140,ปราสาท,32140,6
574,postal-32210,กาบเชิง,32210,6
575,postal-32130,รัตนบุรี,32130,6
576,postal-32160,สนม,32160,6
577,postal-32110,ศีขรภูมิ,32110,6
578,postal-32150,สังขะ,32150,6
579,postal-32220,ลำดวน,32220,6
580,postal-32170,สำโรงทาบ,32170,6
581,postal-32230,บัวเชด,32230,6
582,postal-32140,พนมดงรัก,32140,6
583,postal-32150,ศรีณรงค์,32150,6
584,postal-32000,เขวาสินรินทร์,32000,6
585,postal-32130,โนนนารายณ์,32130,6
586,postal-33000,เมืองศรีสะเกษ,33000,6
587,postal-33190,ยางชุมน้อย,33190,6
588,postal-33130,กันทรารมย์,33130,6
589,postal-33110,กันทรลักษ์,33110,6
590,postal-33140,ขุขันธ์,33140,6
591,postal-33180,ไพรบึง,33180,6
592,postal-33170,ปรางค์กู่,33170,6
593,postal-33150,ขุนหาญ,33150,6
594,postal-33160,ราษีไศล,33160,6
595,postal-33120,อุทุมพรพิสัย,33120,6
596,postal-33220,บึงบูรพ์,33220,6
597,postal-33210,ห้วยทับทัน,33210,6
598,postal-33250,โนนคูณ,33250,6
599,postal-33240,ศรีรัตนะ,33240,6
600,postal-33130,น้ำเกลี้ยง,33130,6
601,postal-33270,วังหิน,33270,6
602,postal-33140,ภูสิงห์,33140,6
603,postal-33120,เมืองจันทร์,33120,6
604,postal-33110,เบญจลักษ์,33110,6
605,postal-33230,พยุห์,33230,6
606,postal-33120,โพธิ์ศรีสุวรรณ,33120,6
607,postal-33160,ศิลาลาด,33160,6
608,postal-34000,เมืองอุบลราชธานี,34000,6
609,postal-34250,ศรีเมืองใหม่,34250,6
610,postal-34220,โขงเจียม,34220,6
611,postal-34150,เขื่องใน,34150,6
612,postal-34320,เขื่องใน,34320,6
613,postal-34170,เขมราฐ,34170,6
614,postal-34160,เดชอุดม,34160,6
615,postal-34280,นาจะหลวย,34280,6
616,postal-34260,น้ำยืน,34260,6
617,postal-34230,บุณฑริก,34230,6
618,postal-34130,ตระการพืชผล,34130,6
619,postal-34270,กุดข้าวปุ้น,34270,6
620,postal-34140,ม่วงสามสิบ,34140,6
621,postal-34190,วารินชำราบ,34190,6
622,postal-34310,วารินชำราบ,34310,6
623,postal-34110,พิบูลมังสาหาร,34110,6
624,postal-34330,ตาลสุม,34330,6
625,postal-34340,โพธิ์ไทร,34340,6
626,postal-34360,สำโรง,34360,6
627,postal-34000,ดอนมดแดง,34000,6
628,postal-34350,สิรินธร,34350,6
629,postal-34160,ทุ่งศรีอุดม,34160,6
630,postal-34160,นาเยีย,34160,6
631,postal-34170,นาตาล,34170,6
632,postal-34000,เหล่าเสือโก้ก,34000,6
633,postal-34190,สว่างวีระวงศ์,34190,6
634,postal-34260,น้ำขุ่น,34260,6
635,postal-35000,เมืองยโสธร,35000,6
636,postal-35170,ทรายมูล,35170,6
637,postal-35140,กุดชุม,35140,6
638,postal-35110,คำเขื่อนแก้ว,35110,6
639,postal-35180,คำเขื่อนแก้ว,35180,6
640,postal-35150,ป่าติ้ว,35150,6
641,postal-35130,มหาชนะชัย,35130,6
642,postal-35160,ค้อวัง,35160,6
643,postal-35120,เลิงนกทา,35120,6
644,postal-35120,ไทยเจริญ,35120,6
645,postal-36000,เมืองชัยภูมิ,36000,6
646,postal-36240,เมืองชัยภูมิ,36240,6
647,postal-36170,บ้านเขว้า,36170,6
648,postal-36140,คอนสวรรค์,36140,6
649,postal-36120,เกษตรสมบูรณ์,36120,6
650,postal-36210,หนองบัวแดง,36210,6
651,postal-36130,จัตุรัส,36130,6
652,postal-36220,จัตุรัส,36220,6
653,postal-36160,บำเหน็จณรงค์,36160,6
654,postal-36220,บำเหน็จณรงค์,36220,6
655,postal-36250,หนองบัวระเหว,36250,6
656,postal-36230,เทพสถิต,36230,6
657,postal-36110,ภูเขียว,36110,6
658,postal-36190,บ้านแท่น,36190,6
659,postal-36150,แก้งคร้อ,36150,6
660,postal-36180,คอนสาร,36180,6
661,postal-36260,ภักดีชุมพล,36260,6
662,postal-36130,เนินสง่า,36130,6
663,postal-36130,ซับใหญ่,36130,6
664,postal-37000,เมืองอำนาจเจริญ,37000,6
665,postal-37210,ชานุมาน,37210,6
666,postal-37110,ปทุมราชวงศา,37110,6
667,postal-37180,พนา,37180,6
668,postal-37290,เสนางคนิคม,37290,6
669,postal-37240,หัวตะพาน,37240,6
670,postal-37000,ลืออำนาจ,37000,6
671,postal-38000,เมืองบึงกาฬ,38000,6
672,postal-38180,พรเจริญ,38180,6
673,postal-38170,โซ่พิสัย,38170,6
674,postal-38150,เซกา,38150,6
675,postal-38190,ปากคาด,38190,6
676,postal-38220,บึงโขงหลง,38220,6
677,postal-38210,ศรีวิไล,38210,6
678,postal-38000,บุ่งคล้า,38000,6
679,postal-39000,เมืองหนองบัวลำภู,39000,6
680,postal-39170,นากลาง,39170,6
681,postal-39350,นากลาง,39350,6
682,postal-39140,โนนสัง,39140,6
683,postal-39180,ศรีบุญเรือง,39180,6
684,postal-39270,สุวรรณคูหา,39270,6
685,postal-39170,นาวัง,39170,6
686,postal-40000,เมืองขอนแก่น,40000,6
687,postal-40260,เมืองขอนแก่น,40260,6
688,postal-40270,บ้านฝาง,40270,6
689,postal-40320,พระยืน,40320,6
690,postal-40210,หนองเรือ,40210,6
691,postal-40240,หนองเรือ,40240,6
692,postal-40130,ชุมแพ,40130,6
693,postal-40290,ชุมแพ,40290,6
694,postal-40220,สีชมพู,40220,6
695,postal-40140,น้ำพอง,40140,6
696,postal-40310,น้ำพอง,40310,6
697,postal-40250,อุบลรัตน์,40250,6
698,postal-40170,กระนวน,40170,6
699,postal-40110,บ้านไผ่,40110,6
700,postal-40340,เปือยน้อย,40340,6
701,postal-40120,พล,40120,6
702,postal-40330,แวงใหญ่,40330,6
703,postal-40230,แวงน้อย,40230,6
704,postal-40190,หนองสองห้อง,40190,6
705,postal-40150,ภูเวียง,40150,6
706,postal-40160,มัญจาคีรี,40160,6
707,postal-40180,ชนบท,40180,6
708,postal-40280,เขาสวนกวาง,40280,6
709,postal-40350,ภูผาม่าน,40350,6
710,postal-40170,ซำสูง,40170,6
711,postal-40160,โคกโพธิ์ไชย,40160,6
712,postal-40150,หนองนาคำ,40150,6
713,postal-40110,บ้านแฮด,40110,6
714,postal-40110,โนนศิลา,40110,6
715,postal-40150,เวียงเก่า,40150,6
716,postal-41000,เมืองอุดรธานี,41000,6
717,postal-41330,เมืองอุดรธานี,41330,6
718,postal-41250,กุดจับ,41250,6
719,postal-41360,หนองวัวซอ,41360,6
720,postal-41220,หนองวัวซอ,41220,6
721,postal-41110,กุมภวาปี,41110,6
722,postal-41370,กุมภวาปี,41370,6
723,postal-41240,โนนสะอาด,41240,6
724,postal-41130,หนองหาน,41130,6
725,postal-41320,หนองหาน,41320,6
726,postal-41310,ทุ่งฝน,41310,6
727,postal-41290,ไชยวาน,41290,6
728,postal-41230,ศรีธาตุ,41230,6
729,postal-41280,วังสามหมอ,41280,6
730,postal-41190,บ้านดุง,41190,6
731,postal-41160,บ้านผือ,41160,6
732,postal-41210,น้ำโสม,41210,6
733,postal-41150,เพ็ญ,41150,6
734,postal-41260,สร้างคอม,41260,6
735,postal-41340,หนองแสง,41340,6
736,postal-41380,นายูง,41380,6
737,postal-41130,พิบูลย์รักษ์,41130,6
738,postal-41130,กู่แก้ว,41130,6
739,postal-41110,ประจักษ์ศิลปาคม,41110,6
740,postal-42000,เมืองเลย,42000,6
741,postal-42100,เมืองเลย,42100,6
742,postal-42210,นาด้วง,42210,6
743,postal-42110,เชียงคาน,42110,6
744,postal-42150,ปากชม,42150,6
745,postal-42120,ด่านซ้าย,42120,6
746,postal-42170,นาแห้ว,42170,6
747,postal-42160,ภูเรือ,42160,6
748,postal-42140,ท่าลี่,42140,6
749,postal-42130,วังสะพุง,42130,6
750,postal-42180,ภูกระดึง,42180,6
751,postal-42230,ภูหลวง,42230,6
752,postal-42240,ผาขาว,42240,6
753,postal-42220,เอราวัณ,42220,6
754,postal-42190,หนองหิน,42190,6
755,postal-43000,เมืองหนองคาย,43000,6
756,postal-43100,เมืองหนองคาย,43100,6
757,postal-43110,ท่าบ่อ,43110,6
758,postal-43120,โพนพิสัย,43120,6
759,postal-43130,ศรีเชียงใหม่,43130,6
760,postal-43160,สังคม,43160,6
761,postal-43100,สระใคร,43100,6
762,postal-43120,เฝ้าไร่,43120,6
763,postal-43120,รัตนวาปี,43120,6
764,postal-43130,โพธิ์ตาก,43130,6
765,postal-44000,เมืองมหาสารคาม,44000,6
766,postal-44190,แกดำ,44190,6
767,postal-44140,โกสุมพิสัย,44140,6
768,postal-44150,กันทรวิชัย,44150,6
769,postal-44160,เชียงยืน,44160,6
770,postal-44130,บรบือ,44130,6
771,postal-44170,นาเชือก,44170,6
772,postal-44110,พยัคฆภูมิพิสัย,44110,6
773,postal-44120,วาปีปทุม,44120,6
774,postal-44180,นาดูน,44180,6
775,postal-44210,ยางสีสุราช,44210,6
776,postal-44130,กุดรัง,44130,6
777,postal-44160,ชื่นชม,44160,6
778,postal-45000,เมืองร้อยเอ็ด,45000,6
779,postal-45150,เกษตรวิสัย,45150,6
780,postal-45190,ปทุมรัตต์,45190,6
781,postal-45180,จตุรพักตรพิมาน,45180,6
782,postal-45170,ธวัชบุรี,45170,6
783,postal-45140,พนมไพร,45140,6
784,postal-45110,โพนทอง,45110,6
785,postal-45230,โพธิ์ชัย,45230,6
786,postal-45210,หนองพอก,45210,6
787,postal-45120,เสลภูมิ,45120,6
788,postal-45130,สุวรรณภูมิ,45130,6
789,postal-45220,เมืองสรวง,45220,6
790,postal-45240,โพนทราย,45240,6
791,postal-45160,อาจสามารถ,45160,6
792,postal-45250,เมยวดี,45250,6
793,postal-45000,ศรีสมเด็จ,45000,6
794,postal-45280,ศรีสมเด็จ,45280,6
795,postal-45000,จังหาร,45000,6
796,postal-45000,เชียงขวัญ,45000,6
797,postal-45170,เชียงขวัญ,45170,6
798,postal-45140,หนองฮี,45140,6
799,postal-45170,ทุ่งเขาหลวง,45170,6
800,postal-46000,เมืองกาฬสินธุ์,46000,6
801,postal-46230,นามน,46230,6
802,postal-46130,กมลาไสย,46130,6
803,postal-46210,ร่องคำ,46210,6
804,postal-46110,กุฉินารายณ์,46110,6
805,postal-46160,เขาวง,46160,6
806,postal-46120,ยางตลาด,46120,6
807,postal-46170,ห้วยเม็ก,46170,6
808,postal-46140,สหัสขันธ์,46140,6
809,postal-46180,คำม่วง,46180,6
810,postal-46190,ท่าคันโท,46190,6
811,postal-46220,หนองกุงศรี,46220,6
812,postal-46150,สมเด็จ,46150,6
813,postal-46240,ห้วยผึ้ง,46240,6
814,postal-46180,สามชัย,46180,6
815,postal-46160,นาคู,46160,6
816,postal-46000,ดอนจาน,46000,6
817,postal-46130,ฆ้องชัย,46130,6
818,postal-47000,เมืองสกลนคร,47000,6
819,postal-47220,เมืองสกลนคร,47220,6
820,postal-47230,เมืองสกลนคร,47230,6
821,postal-47210,กุสุมาลย์,47210,6
822,postal-47230,กุสุมาลย์,47230,6
823,postal-47180,กุดบาก,47180,6
824,postal-47130,พรรณานิคม,47130,6
825,postal-47220,พรรณานิคม,47220,6
826,postal-47160,พังโคน,47160,6
827,postal-47150,วาริชภูมิ,47150,6
828,postal-47270,นิคมน้ำอูน,47270,6
829,postal-47120,วานรนิวาส,47120,6
830,postal-47250,คำตากล้า,47250,6
831,postal-47140,บ้านม่วง,47140,6
832,postal-47170,อากาศอำนวย,47170,6
833,postal-47110,สว่างแดนดิน,47110,6
834,postal-47240,สว่างแดนดิน,47240,6
835,postal-47190,ส่องดาว,47190,6
836,postal-47260,เต่างอย,47260,6
837,postal-47280,โคกศรีสุพรรณ,47280,6
838,postal-47290,เจริญศิลป์,47290,6
839,postal-47230,โพนนาแก้ว,47230,6
840,postal-47180,ภูพาน,47180,6
841,postal-48000,เมืองนครพนม,48000,6
842,postal-48160,ปลาปาก,48160,6
843,postal-48120,ท่าอุเทน,48120,6
844,postal-48140,บ้านแพง,48140,6
845,postal-48110,ธาตุพนม,48110,6
846,postal-48170,เรณูนคร,48170,6
847,postal-48130,นาแก,48130,6
848,postal-48150,ศรีสงคราม,48150,6
849,postal-48180,นาหว้า,48180,6
850,postal-48190,โพนสวรรค์,48190,6
851,postal-48140,นาทม,48140,6
852,postal-48130,วังยาง,48130,6
853,postal-49000,เมืองมุกดาหาร,49000,6
854,postal-49130,นิคมคำสร้อย,49130,6
855,postal-49120,ดอนตาล,49120,6
856,postal-49140,ดงหลวง,49140,6
857,postal-49110,คำชะอี,49110,6
858,postal-49150,หว้านใหญ่,49150,6
859,postal-49160,หนองสูง,49160,6
860,postal-50200,เมืองเชียงใหม่,50200,6
861,postal-50100,เมืองเชียงใหม่,50100,6
862,postal-50300,เมืองเชียงใหม่,50300,6
863,postal-50000,เมืองเชียงใหม่,50000,6
864,postal-50160,จอมทอง,50160,6
865,postal-50240,จอมทอง,50240,6
866,postal-50270,แม่แจ่ม,50270,6
867,postal-50170,เชียงดาว,50170,6
868,postal-50220,ดอยสะเก็ด,50220,6
869,postal-50150,แม่แตง,50150,6
870,postal-50330,แม่แตง,50330,6
871,postal-50180,แม่ริม,50180,6
872,postal-50330,แม่ริม,50330,6
873,postal-50250,สะเมิง,50250,6
874,postal-50110,ฝาง,50110,6
875,postal-50320,ฝาง,50320,6
876,postal-50280,แม่อาย,50280,6
877,postal-50190,พร้าว,50190,6
878,postal-50120,สันป่าตอง,50120,6
879,postal-50130,สันกำแพง,50130,6
880,postal-50210,สันทราย,50210,6
881,postal-50290,สันทราย,50290,6
882,postal-50230,หางดง,50230,6
883,postal-50340,หางดง,50340,6
884,postal-50240,ฮอด,50240,6
885,postal-50260,ดอยเต่า,50260,6
886,postal-50310,อมก๋อย,50310,6
887,postal-50140,สารภี,50140,6
888,postal-50350,เวียงแหง,50350,6
889,postal-50320,ไชยปราการ,50320,6
890,postal-50360,แม่วาง,50360,6
891,postal-50130,แม่ออน,50130,6
892,postal-50160,ดอยหล่อ,50160,6
893,postal-58130,กัลยาณิวัฒนา,58130,6
894,postal-51000,เมืองลำพูน,51000,6
895,postal-51150,เมืองลำพูน,51150,6
896,postal-51140,แม่ทา,51140,6
897,postal-51170,แม่ทา,51170,6
898,postal-51130,บ้านโฮ่ง,51130,6
899,postal-51110,ลี้,51110,6
900,postal-51160,ทุ่งหัวช้าง,51160,6
901,postal-51120,ป่าซาง,51120,6
902,postal-51180,บ้านธิ,51180,6
903,postal-51120,เวียงหนองล่อง,51120,6
904,postal-52000,เมืองลำปาง,52000,6
905,postal-52100,เมืองลำปาง,52100,6
906,postal-52220,แม่เมาะ,52220,6
907,postal-52130,เกาะคา,52130,6
908,postal-52210,เสริมงาม,52210,6
909,postal-52110,งาว,52110,6
910,postal-52120,แจ้ห่ม,52120,6
911,postal-52140,วังเหนือ,52140,6
912,postal-52160,เถิน,52160,6
913,postal-52230,เถิน,52230,6
914,postal-52180,แม่พริก,52180,6
915,postal-52150,แม่ทะ,52150,6
916,postal-52170,สบปราบ,52170,6
917,postal-52190,ห้างฉัตร,52190,6
918,postal-52240,เมืองปาน,52240,6
919,postal-53000,เมืองอุตรดิตถ์,53000,6
920,postal-53170,เมืองอุตรดิตถ์,53170,6
921,postal-53140,ตรอน,53140,6
922,postal-53150,ท่าปลา,53150,6
923,postal-53190,ท่าปลา,53190,6
924,postal-53110,ท่าปลา,53110,6
925,postal-53110,น้ำปาด,53110,6
926,postal-53160,ฟากท่า,53160,6
927,postal-53180,บ้านโคก,53180,6
928,postal-53120,พิชัย,53120,6
929,postal-53220,พิชัย,53220,6
930,postal-53130,ลับแล,53130,6
931,postal-53210,ลับแล,53210,6
932,postal-53230,ทองแสนขัน,53230,6
933,postal-54000,เมืองแพร่,54000,6
934,postal-54140,ร้องกวาง,54140,6
935,postal-54150,ลอง,54150,6
936,postal-54130,สูงเม่น,54130,6
937,postal-54000,สูงเม่น,54000,6
938,postal-54110,เด่นชัย,54110,6
939,postal-54120,สอง,54120,6
940,postal-54160,วังชิ้น,54160,6
941,postal-54170,หนองม่วงไข่,54170,6
942,postal-55000,เมืองน่าน,55000,6
943,postal-55170,แม่จริม,55170,6
944,postal-55190,บ้านหลวง,55190,6
945,postal-55150,นาน้อย,55150,6
946,postal-55120,ปัว,55120,6
947,postal-55140,ท่าวังผา,55140,6
948,postal-55110,เวียงสา,55110,6
949,postal-55130,ทุ่งช้าง,55130,6
950,postal-55160,เชียงกลาง,55160,6
951,postal-55180,นาหมื่น,55180,6
952,postal-55210,สันติสุข,55210,6
953,postal-55220,บ่อเกลือ,55220,6
954,postal-55160,สองแคว,55160,6
955,postal-55000,ภูเพียง,55000,6
956,postal-55130,เฉลิมพระเกียรติ,55130,6
957,postal-56000,เมืองพะเยา,56000,6
958,postal-56150,จุน,56150,6
959,postal-56110,เชียงคำ,56110,6
960,postal-56160,เชียงม่วน,56160,6
961,postal-56120,ดอกคำใต้,56120,6
962,postal-56140,ปง,56140,6
963,postal-56130,แม่ใจ,56130,6
964,postal-56110,ภูซาง,56110,6
965,postal-56000,ภูกามยาว,56000,6
966,postal-57000,เมืองเชียงราย,57000,6
967,postal-57100,เมืองเชียงราย,57100,6
968,postal-57210,เวียงชัย,57210,6
969,postal-57140,เชียงของ,57140,6
970,postal-57160,เทิง,57160,6
971,postal-57230,เทิง,57230,6
972,postal-57120,พาน,57120,6
973,postal-57250,พาน,57250,6
974,postal-57280,พาน,57280,6
975,postal-57190,ป่าแดด,57190,6
976,postal-57110,แม่จัน,57110,6
977,postal-57270,แม่จัน,57270,6
978,postal-57240,แม่จัน,57240,6
979,postal-57150,เชียงแสน,57150,6
980,postal-57130,แม่สาย,57130,6
981,postal-57220,แม่สาย,57220,6
982,postal-57180,แม่สรวย,57180,6
983,postal-57170,เวียงป่าเป้า,57170,6
984,postal-57260,เวียงป่าเป้า,57260,6
985,postal-57290,พญาเม็งราย,57290,6
986,postal-57310,เวียงแก่น,57310,6
987,postal-57340,ขุนตาล,57340,6
988,postal-57240,แม่ฟ้าหลวง,57240,6
989,postal-57110,แม่ฟ้าหลวง,57110,6
990,postal-57250,แม่ลาว,57250,6
991,postal-57000,แม่ลาว,57000,6
992,postal-57210,เวียงเชียงรุ้ง,57210,6
993,postal-57110,ดอยหลวง,57110,6
994,postal-58000,เมืองแม่ฮ่องสอน,58000,6
995,postal-58140,ขุนยวม,58140,6
996,postal-58130,ปาย,58130,6
997,postal-58110,แม่สะเรียง,58110,6
998,postal-58120,แม่ลาน้อย,58120,6
999,postal-58110,สบเมย,58110,6
1000,postal-58150,ปางมะผ้า,58150,6
1001,postal-60000,เมืองนครสวรรค์,60000,6
1002,postal-60240,เมืองนครสวรรค์,60240,6
1003,postal-60170,โกรกพระ,60170,6
1004,postal-60120,ชุมแสง,60120,6
1005,postal-60250,ชุมแสง,60250,6
1006,postal-60110,หนองบัว,60110,6
1007,postal-60180,บรรพตพิสัย,60180,6
1008,postal-60230,เก้าเลี้ยว,60230,6
1009,postal-60140,ตาคลี,60140,6
1010,postal-60210,ตาคลี,60210,6
1011,postal-60260,ตาคลี,60260,6
1012,postal-60160,ท่าตะโก,60160,6
1013,postal-60220,ไพศาลี,60220,6
1014,postal-60130,พยุหะคีรี,60130,6
1015,postal-60150,ลาดยาว,60150,6
1016,postal-60190,ตากฟ้า,60190,6
1017,postal-60150,แม่วงก์,60150,6
1018,postal-60150,แม่เปิน,60150,6
1019,postal-60150,ชุมตาบง,60150,6
1020,postal-61000,เมืองอุทัยธานี,61000,6
1021,postal-61120,ทัพทัน,61120,6
1022,postal-61150,สว่างอารมณ์,61150,6
1023,postal-61110,หนองฉาง,61110,6
1024,postal-61170,หนองฉาง,61170,6
1025,postal-61130,หนองขาหย่าง,61130,6
1026,postal-61140,บ้านไร่,61140,6
1027,postal-61180,บ้านไร่,61180,6
1028,postal-61160,ลานสัก,61160,6
1029,postal-61170,ห้วยคต,61170,6
1030,postal-62000,เมืองกำแพงเพชร,62000,6
1031,postal-62160,เมืองกำแพงเพชร,62160,6
1032,postal-62150,ไทรงาม,62150,6
1033,postal-62180,คลองลาน,62180,6
1034,postal-62130,ขาณุวรลักษบุรี,62130,6
1035,postal-62140,ขาณุวรลักษบุรี,62140,6
1036,postal-62120,คลองขลุง,62120,6
1037,postal-62110,พรานกระต่าย,62110,6
1038,postal-62170,ลานกระบือ,62170,6
1039,postal-62190,ทรายทองวัฒนา,62190,6
1040,postal-62120,ปางศิลาทอง,62120,6
1041,postal-62210,บึงสามัคคี,62210,6
1042,postal-62000,โกสัมพีนคร,62000,6
1043,postal-63000,เมืองตาก,63000,6
1044,postal-63120,บ้านตาก,63120,6
1045,postal-63130,สามเงา,63130,6
1046,postal-63140,แม่ระมาด,63140,6
1047,postal-63150,ท่าสองยาง,63150,6
1048,postal-63110,แม่สอด,63110,6
1049,postal-63160,พบพระ,63160,6
1050,postal-63170,อุ้มผาง,63170,6
1051,postal-63000,วังเจ้า,63000,6
1052,postal-64000,เมืองสุโขทัย,64000,6
1053,postal-64220,เมืองสุโขทัย,64220,6
1054,postal-64210,เมืองสุโขทัย,64210,6
1055,postal-64140,บ้านด่านลานหอย,64140,6
1056,postal-64160,คีรีมาศ,64160,6
1057,postal-64170,กงไกรลาศ,64170,6
1058,postal-64130,ศรีสัชนาลัย,64130,6
1059,postal-64190,ศรีสัชนาลัย,64190,6
1060,postal-64120,ศรีสำโรง,64120,6
1061,postal-64110,สวรรคโลก,64110,6
1062,postal-64180,ศรีนคร,64180,6
1063,postal-64230,ทุ่งเสลี่ยม,64230,6
1064,postal-64150,ทุ่งเสลี่ยม,64150,6
1065,postal-65000,เมืองพิษณุโลก,65000,6
1066,postal-65230,เมืองพิษณุโลก,65230,6
1067,postal-65120,นครไทย,65120,6
1068,postal-65170,ชาติตระการ,65170,6
1069,postal-65140,บางระกำ,65140,6
1070,postal-65240,บางระกำ,65240,6
1071,postal-65110,บางกระทุ่ม,65110,6
1072,postal-65210,บางกระทุ่ม,65210,6
1073,postal-65150,พรหมพิราม,65150,6
1074,postal-65180,พรหมพิราม,65180,6
1075,postal-65160,วัดโบสถ์,65160,6
1076,postal-65130,วังทอง,65130,6
1077,postal-65220,วังทอง,65220,6
1078,postal-65190,เนินมะปราง,65190,6
1079,postal-66000,เมืองพิจิตร,66000,6
1080,postal-66170,เมืองพิจิตร,66170,6
1081,postal-66180,วังทรายพูน,66180,6
1082,postal-66190,โพธิ์ประทับช้าง,66190,6
1083,postal-66110,ตะพานหิน,66110,6
1084,postal-66150,ตะพานหิน,66150,6
1085,postal-66120,บางมูลนาก,66120,6
1086,postal-66210,บางมูลนาก,66210,6
1087,postal-66130,โพทะเล,66130,6
1088,postal-66140,สามง่าม,66140,6
1089,postal-66220,สามง่าม,66220,6
1090,postal-66150,ทับคล้อ,66150,6
1091,postal-66230,ทับคล้อ,66230,6
1092,postal-66160,สากเหล็ก,66160,6
1093,postal-66130,บึงนาราง,66130,6
1094,postal-66210,ดงเจริญ,66210,6
1095,postal-66140,วชิรบารมี,66140,6
1096,postal-66220,วชิรบารมี,66220,6
1097,postal-67000,เมืองเพชรบูรณ์,67000,6
1098,postal-67250,เมืองเพชรบูรณ์,67250,6
1099,postal-67210,เมืองเพชรบูรณ์,67210,6
1100,postal-67150,ชนแดน,67150,6
1101,postal-67190,ชนแดน,67190,6
1102,postal-67110,หล่มสัก,67110,6
1103,postal-67120,หล่มเก่า,67120,6
1104,postal-67130,วิเชียรบุรี,67130,6
1105,postal-67180,วิเชียรบุรี,67180,6
1106,postal-67170,ศรีเทพ,67170,6
1107,postal-67140,หนองไผ่,67140,6
1108,postal-67220,หนองไผ่,67220,6
1109,postal-67160,บึงสามพัน,67160,6
1110,postal-67230,บึงสามพัน,67230,6
1111,postal-67260,น้ำหนาว,67260,6
1112,postal-67240,วังโป่ง,67240,6
1113,postal-67270,เขาค้อ,67270,6
1114,postal-67280,เขาค้อ,67280,6
1115,postal-70000,เมืองราชบุรี,70000,6
1116,postal-70150,จอมบึง,70150,6
1117,postal-70180,สวนผึ้ง,70180,6
1118,postal-70130,ดำเนินสะดวก,70130,6
1119,postal-70210,ดำเนินสะดวก,70210,6
1120,postal-70110,บ้านโป่ง,70110,6
1121,postal-70190,บ้านโป่ง,70190,6
1122,postal-70160,บางแพ,70160,6
1123,postal-70120,โพธาราม,70120,6
1124,postal-70140,ปากท่อ,70140,6
1125,postal-70170,วัดเพลง,70170,6
1126,postal-70180,บ้านคา,70180,6
1127,postal-71000,เมืองกาญจนบุรี,71000,6
1128,postal-71190,เมืองกาญจนบุรี,71190,6
1129,postal-71150,ไทรโยค,71150,6
1130,postal-71160,บ่อพลอย,71160,6
1131,postal-71220,บ่อพลอย,71220,6
1132,postal-71250,ศรีสวัสดิ์,71250,6
1133,postal-71220,ศรีสวัสดิ์,71220,6
1134,postal-71120,ท่ามะกา,71120,6
1135,postal-71130,ท่ามะกา,71130,6
1136,postal-70190,ท่ามะกา,70190,6
1137,postal-71110,ท่าม่วง,71110,6
1138,postal-71130,ท่าม่วง,71130,6
1139,postal-71180,ทองผาภูมิ,71180,6
1140,postal-71240,สังขละบุรี,71240,6
1141,postal-71140,พนมทวน,71140,6
1142,postal-71170,พนมทวน,71170,6
1143,postal-71210,เลาขวัญ,71210,6
1144,postal-71260,ด่านมะขามเตี้ย,71260,6
1145,postal-71220,หนองปรือ,71220,6
1146,postal-71170,ห้วยกระเจา,71170,6
1147,postal-72000,เมืองสุพรรณบุรี,72000,6
1148,postal-72230,เมืองสุพรรณบุรี,72230,6
1149,postal-72210,เมืองสุพรรณบุรี,72210,6
1150,postal-72120,เดิมบางนางบวช,72120,6
1151,postal-72180,ด่านช้าง,72180,6
1152,postal-72150,บางปลาม้า,72150,6
1153,postal-72140,ศรีประจันต์,72140,6
1154,postal-72170,ดอนเจดีย์,72170,6
1155,postal-72250,ดอนเจดีย์,72250,6
1156,postal-72110,สองพี่น้อง,72110,6
1157,postal-72190,สองพี่น้อง,72190,6
1158,postal-72130,สามชุก,72130,6
1159,postal-72160,อู่ทอง,72160,6
1160,postal-72220,อู่ทอง,72220,6
1161,postal-72240,หนองหญ้าไซ,72240,6
1162,postal-73000,เมืองนครปฐม,73000,6
1163,postal-73140,กำแพงแสน,73140,6
1164,postal-73180,กำแพงแสน,73180,6
1165,postal-73120,นครชัยศรี,73120,6
1166,postal-73150,ดอนตูม,73150,6
1167,postal-73130,บางเลน,73130,6
1168,postal-73190,บางเลน,73190,6
1169,postal-73110,สามพราน,73110,6
1170,postal-73210,สามพราน,73210,6
1171,postal-73220,สามพราน,73220,6
1172,postal-73160,สามพราน,73160,6
1173,postal-73170,พุทธมณฑล,73170,6
1174,postal-74000,เมืองสมุทรสาคร,74000,6
1175,postal-74110,กระทุ่มแบน,74110,6
1176,postal-74130,กระทุ่มแบน,74130,6
1177,postal-74120,บ้านแพ้ว,74120,6
1178,postal-75000,เมืองสมุทรสงคราม,75000,6
1179,postal-75120,บางคนที,75120,6
1180,postal-75110,อัมพวา,75110,6
1181,postal-76000,เมืองเพชรบุรี,76000,6
1182,postal-76100,เมืองเพชรบุรี,76100,6
1183,postal-76140,เขาย้อย,76140,6
1184,postal-76160,หนองหญ้าปล้อง,76160,6
1185,postal-76120,ชะอำ,76120,6
1186,postal-76130,ท่ายาง,76130,6
1187,postal-76150,บ้านลาด,76150,6
1188,postal-76110,บ้านแหลม,76110,6
1189,postal-76100,บ้านแหลม,76100,6
1190,postal-76170,แก่งกระจาน,76170,6
1191,postal-77000,เมืองประจวบคีรีขันธ์,77000,6
1192,postal-77210,เมืองประจวบคีรีขันธ์,77210,6
1193,postal-77150,กุยบุรี,77150,6
1194,postal-77130,ทับสะแก,77130,6
1195,postal-77140,บางสะพาน,77140,6
1196,postal-77230,บางสะพาน,77230,6
1197,postal-77190,บางสะพาน,77190,6
1198,postal-77170,บางสะพานน้อย,77170,6
1199,postal-77120,ปราณบุรี,77120,6
1200,postal-77220,ปราณบุรี,77220,6
1201,postal-77110,หัวหิน,77110,6
1202,postal-77120,สามร้อยยอด,77120,6
1203,postal-77180,สามร้อยยอด,77180,6
1204,postal-80000,เมืองนครศรีธรรมราช,80000,6
1205,postal-80280,เมืองนครศรีธรรมราช,80280,6
1206,postal-80330,เมืองนครศรีธรรมราช,80330,6
1207,postal-80320,พรหมคีรี,80320,6
1208,postal-80230,ลานสกา,80230,6
1209,postal-80150,ฉวาง,80150,6
1210,postal-80250,ฉวาง,80250,6
1211,postal-80260,ฉวาง,80260,6
1212,postal-80270,พิปูน,80270,6
1213,postal-80190,เชียรใหญ่,80190,6
1214,postal-80180,ชะอวด,80180,6
1215,postal-80160,ท่าศาลา,80160,6
1216,postal-80110,ทุ่งสง,80110,6
1217,postal-80310,ทุ่งสง,80310,6
1218,postal-80220,นาบอน,80220,6
1219,postal-80240,ทุ่งใหญ่,80240,6
1220,postal-80140,ปากพนัง,80140,6
1221,postal-80330,ปากพนัง,80330,6
1222,postal-80130,ร่อนพิบูลย์,80130,6
1223,postal-80350,ร่อนพิบูลย์,80350,6
1224,postal-80120,สิชล,80120,6
1225,postal-80340,สิชล,80340,6
1226,postal-80210,ขนอม,80210,6
1227,postal-80170,หัวไทร,80170,6
1228,postal-80360,บางขัน,80360,6
1229,postal-80260,ถ้ำพรรณรา,80260,6
1230,postal-80180,จุฬาภรณ์,80180,6
1231,postal-80130,จุฬาภรณ์,80130,6
1232,postal-80000,พระพรหม,80000,6
1233,postal-80160,นบพิตำ,80160,6
1234,postal-80250,ช้างกลาง,80250,6
1235,postal-80190,เฉลิมพระเกียรติ,80190,6
1236,postal-80290,เฉลิมพระเกียรติ,80290,6
1237,postal-81000,เมืองกระบี่,81000,6
1238,postal-81140,เขาพนม,81140,6
1239,postal-80240,เขาพนม,80240,6
1240,postal-81150,เกาะลันตา,81150,6
1241,postal-81120,เกาะลันตา,81120,6
1242,postal-81120,คลองท่อม,81120,6
1243,postal-81170,คลองท่อม,81170,6
1244,postal-81110,อ่าวลึก,81110,6
1245,postal-81160,ปลายพระยา,81160,6
1246,postal-81120,ลำทับ,81120,6
1247,postal-81130,เหนือคลอง,81130,6
1248,postal-82000,เมืองพังงา,82000,6
1249,postal-82160,เกาะยาว,82160,6
1250,postal-83000,เกาะยาว,83000,6
1251,postal-82170,กะปง,82170,6
1252,postal-82130,ตะกั่วทุ่ง,82130,6
1253,postal-82140,ตะกั่วทุ่ง,82140,6
1254,postal-82110,ตะกั่วป่า,82110,6
1255,postal-82190,ตะกั่วป่า,82190,6
1256,postal-82150,คุระบุรี,82150,6
1257,postal-82180,ทับปุด,82180,6
1258,postal-82120,ท้ายเหมือง,82120,6
1259,postal-83000,เมืองภูเก็ต,83000,6
1260,postal-83130,เมืองภูเก็ต,83130,6
1261,postal-83100,เมืองภูเก็ต,83100,6
1262,postal-83120,กะทู้,83120,6
1263,postal-83150,กะทู้,83150,6
1264,postal-83110,ถลาง,83110,6
1265,postal-84000,เมืองสุราษฎร์ธานี,84000,6
1266,postal-84100,เมืองสุราษฎร์ธานี,84100,6
1267,postal-84290,กาญจนดิษฐ์,84290,6
1268,postal-84160,กาญจนดิษฐ์,84160,6
1269,postal-84220,ดอนสัก,84220,6
1270,postal-84160,ดอนสัก,84160,6
1271,postal-84340,ดอนสัก,84340,6
1272,postal-84140,เกาะสมุย,84140,6
1273,postal-84310,เกาะสมุย,84310,6
1274,postal-84320,เกาะสมุย,84320,6
1275,postal-84330,เกาะสมุย,84330,6
1276,postal-84280,เกาะพะงัน,84280,6
1277,postal-84110,ไชยา,84110,6
1278,postal-84170,ท่าชนะ,84170,6
1279,postal-84180,คีรีรัฐนิคม,84180,6
1280,postal-84230,บ้านตาขุน,84230,6
1281,postal-84250,พนม,84250,6
1282,postal-84150,ท่าฉาง,84150,6
1283,postal-84120,บ้านนาสาร,84120,6
1284,postal-84270,บ้านนาสาร,84270,6
1285,postal-84240,บ้านนาเดิม,84240,6
1286,postal-84260,เคียนซา,84260,6
1287,postal-84210,เคียนซา,84210,6
1288,postal-84190,เวียงสระ,84190,6
1289,postal-84210,พระแสง,84210,6
1290,postal-84130,พุนพิน,84130,6
1291,postal-84350,ชัยบุรี,84350,6
1292,postal-84180,วิภาวดี,84180,6
1293,postal-85000,เมืองระนอง,85000,6
1294,postal-85130,เมืองระนอง,85130,6
1295,postal-85130,ละอุ่น,85130,6
1296,postal-85119,กะเปอร์,85119,6
1297,postal-85110,กระบุรี,85110,6
1298,postal-85120,สุขสำราญ,85120,6
1299,postal-86000,เมืองชุมพร,86000,6
1300,postal-86120,เมืองชุมพร,86120,6
1301,postal-86190,เมืองชุมพร,86190,6
1302,postal-86100,เมืองชุมพร,86100,6
1303,postal-86140,ท่าแซะ,86140,6
1304,postal-86190,ท่าแซะ,86190,6
1305,postal-86160,ปะทิว,86160,6
1306,postal-86230,ปะทิว,86230,6
1307,postal-86210,ปะทิว,86210,6
1308,postal-86110,หลังสวน,86110,6
1309,postal-86150,หลังสวน,86150,6
1310,postal-86170,ละแม,86170,6
1311,postal-86180,พะโต๊ะ,86180,6
1312,postal-86130,สวี,86130,6
1313,postal-86220,ทุ่งตะโก,86220,6
1314,postal-90000,เมืองสงขลา,90000,6
1315,postal-90100,เมืองสงขลา,90100,6
1316,postal-90190,สทิงพระ,90190,6
1317,postal-90130,จะนะ,90130,6
1318,postal-90160,นาทวี,90160,6
1319,postal-90150,เทพา,90150,6
1320,postal-90260,เทพา,90260,6
1321,postal-90210,สะบ้าย้อย,90210,6
1322,postal-90140,ระโนด,90140,6
1323,postal-90270,กระแสสินธุ์,90270,6
1324,postal-90180,รัตภูมิ,90180,6
1325,postal-90120,สะเดา,90120,6
1326,postal-90170,สะเดา,90170,6
1327,postal-90240,สะเดา,90240,6
1328,postal-90110,หาดใหญ่,90110,6
1329,postal-90250,หาดใหญ่,90250,6
1330,postal-90230,หาดใหญ่,90230,6
1331,postal-90310,นาหม่อม,90310,6
1332,postal-90220,ควนเนียง,90220,6
1333,postal-90110,บางกล่ำ,90110,6
1334,postal-90280,สิงหนคร,90280,6
1335,postal-90330,สิงหนคร,90330,6
1336,postal-90230,คลองหอยโข่ง,90230,6
1337,postal-90115,คลองหอยโข่ง,90115,6
1338,postal-91000,เมืองสตูล,91000,6
1339,postal-91140,เมืองสตูล,91140,6
1340,postal-91160,ควนโดน,91160,6
1341,postal-91130,ควนกาหลง,91130,6
1342,postal-91150,ท่าแพ,91150,6
1343,postal-91110,ละงู,91110,6
1344,postal-91120,ทุ่งหว้า,91120,6
1345,postal-91130,มะนัง,91130,6
1346,postal-92000,เมืองตรัง,92000,6
1347,postal-92170,เมืองตรัง,92170,6
1348,postal-92190,เมืองตรัง,92190,6
1349,postal-92110,กันตัง,92110,6
1350,postal-92140,ย่านตาขาว,92140,6
1351,postal-92120,ปะเหลียน,92120,6
1352,postal-92180,ปะเหลียน,92180,6
1353,postal-92140,ปะเหลียน,92140,6
1354,postal-92150,สิเกา,92150,6
1355,postal-92000,สิเกา,92000,6
1356,postal-92130,ห้วยยอด,92130,6
1357,postal-92210,ห้วยยอด,92210,6
1358,postal-92190,ห้วยยอด,92190,6
1359,postal-92220,วังวิเศษ,92220,6
1360,postal-92000,วังวิเศษ,92000,6
1361,postal-92170,นาโยง,92170,6
1362,postal-92160,รัษฎา,92160,6
1363,postal-92130,รัษฎา,92130,6
1364,postal-92120,หาดสำราญ,92120,6
1365,postal-93000,เมืองพัทลุง,93000,6
1366,postal-93180,กงหรา,93180,6
1367,postal-93000,กงหรา,93000,6
1368,postal-93130,เขาชัยสน,93130,6
1369,postal-93160,ตะโหมด,93160,6
1370,postal-93110,ควนขนุน,93110,6
1371,postal-93150,ควนขนุน,93150,6
1372,postal-93120,ปากพะยูน,93120,6
1373,postal-93190,ศรีบรรพต,93190,6
1374,postal-93170,ป่าบอน,93170,6
1375,postal-93140,บางแก้ว,93140,6
1376,postal-93110,ป่าพะยอม,93110,6
1377,postal-93000,ศรีนครินทร์,93000,6
1378,postal-94000,เมืองปัตตานี,94000,6
1379,postal-94120,โคกโพธิ์,94120,6
1380,postal-94180,โคกโพธิ์,94180,6
1381,postal-94170,หนองจิก,94170,6
1382,postal-94130,ปะนาเระ,94130,6
1383,postal-94190,ปะนาเระ,94190,6
1384,postal-94140,มายอ,94140,6
1385,postal-94190,มายอ,94190,6
1386,postal-94140,ทุ่งยางแดง,94140,6
1387,postal-94110,สายบุรี,94110,6
1388,postal-94190,สายบุรี,94190,6
1389,postal-94220,ไม้แก่น,94220,6
1390,postal-94150,ยะหริ่ง,94150,6
1391,postal-94190,ยะหริ่ง,94190,6
1392,postal-94160,ยะรัง,94160,6
1393,postal-94230,กะพ้อ,94230,6
1394,postal-94180,แม่ลาน,94180,6
1395,postal-95000,เมืองยะลา,95000,6
1396,postal-95160,เมืองยะลา,95160,6
1397,postal-95110,เบตง,95110,6
1398,postal-95130,บันนังสตา,95130,6
1399,postal-95150,ธารโต,95150,6
1400,postal-95170,ธารโต,95170,6
1401,postal-95120,ยะหา,95120,6
1402,postal-95140,รามัน,95140,6
1403,postal-95120,กาบัง,95120,6
1404,postal-95000,กรงปินัง,95000,6
1405,postal-96000,เมืองนราธิวาส,96000,6
1406,postal-96110,ตากใบ,96110,6
1407,postal-96170,บาเจาะ,96170,6
1408,postal-96180,ยี่งอ,96180,6
1409,postal-96130,ระแงะ,96130,6
1410,postal-96220,ระแงะ,96220,6
1411,postal-96150,รือเสาะ,96150,6
1412,postal-96210,ศรีสาคร,96210,6
1413,postal-96160,แว้ง,96160,6
1414,postal-96190,สุคิริน,96190,6
1415,postal-96120,สุไหงโกลก,96120,6
1416,postal-96140,สุไหงปาดี,96140,6
1417,postal-96220,จะแนะ,96220,6
1418,postal-96130,เจาะไอร้อง,96130,6
